date,product_id,quantity_sold,promotion_applied
2025-01-01,P001,6,0
2025-01-02,P001,10,0
2025-01-03,P001,16,0
2025-01-04,P001,13,0
2025-01-05,P001,15,0
2025-01-06,P001,15,0
2025-01-07,P001,9,0
2025-01-08,P001,17,0
2025-01-09,P001,11,0
2025-01-10,P001,17,0
2025-01-11,P001,11,0
2025-01-12,P001,9,0
2025-01-13,P001,8,0
2025-01-14,P001,8,0
2025-01-15,P001,9,0
2025-01-16,P001,10,1
2025-01-17,P001,13,0
2025-01-18,P001,13,0
2025-01-19,P001,4,0
2025-01-20,P001,8,0
2025-01-21,P001,11,0
2025-01-22,P001,12,0
2025-01-23,P001,11,0
2025-01-24,P001,10,0
2025-01-25,P001,10,0
2025-01-26,P001,12,0
2025-01-27,P001,10,0
2025-01-28,P001,14,0
2025-01-29,P001,18,0
2025-01-30,P001,13,0
2025-01-31,P001,17,0
2025-02-01,P001,14,0
2025-02-02,P001,12,0
2025-02-03,P001,21,1
2025-02-04,P001,20,0
2025-02-05,P001,13,0
2025-02-06,P001,21,1
2025-02-07,P001,17,0
2025-02-08,P001,20,0
2025-02-09,P001,14,0
2025-02-10,P001,22,1
2025-02-11,P001,19,0
2025-02-12,P001,20,0
2025-02-13,P001,14,0
2025-02-14,P001,24,0
2025-02-15,P001,22,0
2025-02-16,P001,22,0
2025-02-17,P001,23,0
2025-02-18,P001,16,0
2025-02-19,P001,16,0
2025-02-20,P001,18,0
2025-02-21,P001,13,0
2025-02-22,P001,21,0
2025-02-23,P001,23,0
2025-02-24,P001,16,0
2025-02-25,P001,24,1
2025-02-26,P001,17,0
2025-02-27,P001,23,1
2025-02-28,P001,6,0
2025-03-01,P001,20,0
2025-03-02,P001,27,0
2025-03-03,P001,14,0
2025-03-04,P001,10,0
2025-03-05,P001,30,1
2025-03-06,P001,13,0
2025-03-07,P001,20,0
2025-03-08,P001,26,0
2025-03-09,P001,22,0
2025-03-10,P001,16,0
2025-03-11,P001,21,0
2025-03-12,P001,18,0
2025-03-13,P001,23,0
2025-03-14,P001,20,0
2025-03-15,P001,22,0
2025-03-16,P001,24,0
2025-03-17,P001,20,0
2025-03-18,P001,21,0
2025-03-19,P001,19,0
2025-03-20,P001,16,0
2025-03-21,P001,18,0
2025-03-22,P001,18,0
2025-03-23,P001,14,0
2025-03-24,P001,9,0
2025-03-25,P001,13,0
2025-03-26,P001,23,0
2025-03-27,P001,19,0
2025-03-28,P001,22,0
2025-03-29,P001,26,0
2025-03-30,P001,24,0
2025-03-31,P001,21,0
2025-04-01,P001,16,0
2025-04-02,P001,21,0
2025-04-03,P001,12,0
2025-04-04,P001,24,0
2025-04-05,P001,20,0
2025-04-06,P001,32,0
2025-04-07,P001,30,0
2025-04-08,P001,26,0
2025-04-09,P001,26,0
2025-04-10,P001,26,0
2025-04-11,P001,32,0
2025-04-12,P001,31,0
2025-04-13,P001,40,0
2025-04-14,P001,22,0
2025-04-15,P001,39,1
2025-04-16,P001,25,0
2025-04-17,P001,26,0
2025-04-18,P001,24,0
2025-04-19,P001,34,0
2025-04-20,P001,18,0
2025-04-21,P001,22,0
2025-04-22,P001,24,0
2025-04-23,P001,15,0
2025-04-24,P001,20,0
2025-04-25,P001,26,1
2025-04-26,P001,31,0
2025-04-27,P001,15,0
2025-04-28,P001,26,0
2025-04-29,P001,27,0
2025-04-30,P001,25,1
2025-05-01,P001,28,0
2025-05-02,P001,34,0
2025-05-03,P001,40,0
2025-05-04,P001,30,0
2025-05-05,P001,25,0
2025-05-06,P001,20,0
2025-05-07,P001,27,0
2025-05-08,P001,34,0
2025-05-09,P001,40,0
2025-05-10,P001,34,0
2025-05-11,P001,39,0
2025-05-12,P001,31,0
2025-05-13,P001,25,0
2025-05-14,P001,29,0
2025-05-15,P001,31,0
2025-05-16,P001,25,0
2025-05-17,P001,28,0
2025-05-18,P001,36,0
2025-05-19,P001,30,0
2025-05-20,P001,17,0
2025-05-21,P001,25,0
2025-05-22,P001,43,1
2025-05-23,P001,25,1
2025-05-24,P001,29,0
2025-05-25,P001,27,1
2025-05-26,P001,33,1
2025-05-27,P001,24,0
2025-05-28,P001,24,1
2025-05-29,P001,33,1
2025-05-30,P001,27,0
2025-05-31,P001,31,0
2025-06-01,P001,36,0
2025-06-02,P001,29,0
2025-06-03,P001,38,1
2025-06-04,P001,20,0
2025-06-05,P001,17,0
2025-06-06,P001,30,0
2025-06-07,P001,50,0
2025-06-08,P001,45,0
2025-06-09,P001,42,0
2025-06-10,P001,34,0
2025-06-11,P001,32,0
2025-06-12,P001,40,0
2025-06-13,P001,32,0
2025-06-14,P001,51,1
2025-06-15,P001,34,0
2025-06-16,P001,23,0
2025-06-17,P001,24,0
2025-06-18,P001,37,0
2025-06-19,P001,25,0
2025-06-20,P001,25,0
2025-06-21,P001,29,0
2025-06-22,P001,31,0
2025-06-23,P001,29,0
2025-06-24,P001,27,0
2025-06-25,P001,40,1
2025-06-26,P001,21,0
2025-06-27,P001,33,0
2025-06-28,P001,31,0
2025-06-29,P001,49,0
2025-01-01,P002,17,0
2025-01-02,P002,20,0
2025-01-03,P002,26,0
2025-01-04,P002,25,1
2025-01-05,P002,30,1
2025-01-06,P002,24,0
2025-01-07,P002,33,0
2025-01-08,P002,22,0
2025-01-09,P002,19,0
2025-01-10,P002,37,0
2025-01-11,P002,32,1
2025-01-12,P002,30,0
2025-01-13,P002,37,0
2025-01-14,P002,17,0
2025-01-15,P002,15,0
2025-01-16,P002,25,0
2025-01-17,P002,25,0
2025-01-18,P002,24,0
2025-01-19,P002,29,0
2025-01-20,P002,21,0
2025-01-21,P002,26,0
2025-01-22,P002,16,0
2025-01-23,P002,23,1
2025-01-24,P002,22,0
2025-01-25,P002,31,0
2025-01-26,P002,26,0
2025-01-27,P002,21,0
2025-01-28,P002,33,0
2025-01-29,P002,27,0
2025-01-30,P002,27,0
2025-01-31,P002,42,0
2025-02-01,P002,30,0
2025-02-02,P002,33,0
2025-02-03,P002,50,1
2025-02-04,P002,34,0
2025-02-05,P002,41,0
2025-02-06,P002,33,0
2025-02-07,P002,42,0
2025-02-08,P002,51,0
2025-02-09,P002,43,0
2025-02-10,P002,31,1
2025-02-11,P002,30,0
2025-02-12,P002,47,0
2025-02-13,P002,35,0
2025-02-14,P002,35,0
2025-02-15,P002,35,0
2025-02-16,P002,25,0
2025-02-17,P002,34,0
2025-02-18,P002,45,0
2025-02-19,P002,30,0
2025-02-20,P002,32,0
2025-02-21,P002,34,0
2025-02-22,P002,37,0
2025-02-23,P002,49,1
2025-02-24,P002,27,0
2025-02-25,P002,29,0
2025-02-26,P002,30,0
2025-02-27,P002,30,0
2025-02-28,P002,51,0
2025-03-01,P002,49,0
2025-03-02,P002,46,0
2025-03-03,P002,48,1
2025-03-04,P002,42,0
2025-03-05,P002,41,0
2025-03-06,P002,49,0
2025-03-07,P002,53,0
2025-03-08,P002,57,0
2025-03-09,P002,62,0
2025-03-10,P002,51,0
2025-03-11,P002,42,0
2025-03-12,P002,40,0
2025-03-13,P002,51,1
2025-03-14,P002,39,0
2025-03-15,P002,68,0
2025-03-16,P002,76,1
2025-03-17,P002,46,0
2025-03-18,P002,34,0
2025-03-19,P002,40,0
2025-03-20,P002,40,0
2025-03-21,P002,49,0
2025-03-22,P002,55,0
2025-03-23,P002,59,0
2025-03-24,P002,31,0
2025-03-25,P002,29,0
2025-03-26,P002,49,1
2025-03-27,P002,54,1
2025-03-28,P002,36,0
2025-03-29,P002,55,0
2025-03-30,P002,65,1
2025-03-31,P002,54,0
2025-04-01,P002,50,0
2025-04-02,P002,46,0
2025-04-03,P002,52,1
2025-04-04,P002,65,0
2025-04-05,P002,59,0
2025-04-06,P002,69,0
2025-04-07,P002,71,0
2025-04-08,P002,65,0
2025-04-09,P002,63,0
2025-04-10,P002,67,0
2025-04-11,P002,76,1
2025-04-12,P002,71,0
2025-04-13,P002,73,0
2025-04-14,P002,59,0
2025-04-15,P002,62,0
2025-04-16,P002,60,1
2025-04-17,P002,47,0
2025-04-18,P002,53,0
2025-04-19,P002,67,1
2025-04-20,P002,66,0
2025-04-21,P002,53,1
2025-04-22,P002,41,0
2025-04-23,P002,47,0
2025-04-24,P002,45,0
2025-04-25,P002,40,0
2025-04-26,P002,78,1
2025-04-27,P002,70,0
2025-04-28,P002,53,0
2025-04-29,P002,59,0
2025-04-30,P002,57,0
2025-05-01,P002,51,0
2025-05-02,P002,52,0
2025-05-03,P002,76,0
2025-05-04,P002,85,0
2025-05-05,P002,67,0
2025-05-06,P002,73,0
2025-05-07,P002,74,0
2025-05-08,P002,71,0
2025-05-09,P002,80,0
2025-05-10,P002,91,0
2025-05-11,P002,91,0
2025-05-12,P002,107,1
2025-05-13,P002,74,0
2025-05-14,P002,89,1
2025-05-15,P002,89,1
2025-05-16,P002,66,0
2025-05-17,P002,74,0
2025-05-18,P002,78,0
2025-05-19,P002,69,0
2025-05-20,P002,70,0
2025-05-21,P002,70,0
2025-05-22,P002,80,1
2025-05-23,P002,57,0
2025-05-24,P002,60,0
2025-05-25,P002,67,0
2025-05-26,P002,61,0
2025-05-27,P002,67,0
2025-05-28,P002,65,0
2025-05-29,P002,59,0
2025-05-30,P002,104,1
2025-05-31,P002,119,0
2025-06-01,P002,102,0
2025-06-02,P002,76,0
2025-06-03,P002,75,0
2025-06-04,P002,118,1
2025-06-05,P002,89,1
2025-06-06,P002,87,0
2025-06-07,P002,97,0
2025-06-08,P002,132,0
2025-06-09,P002,92,0
2025-06-10,P002,74,0
2025-06-11,P002,86,0
2025-06-12,P002,89,0
2025-06-13,P002,79,0
2025-06-14,P002,80,0
2025-06-15,P002,92,0
2025-06-16,P002,51,0
2025-06-17,P002,74,0
2025-06-18,P002,65,0
2025-06-19,P002,54,0
2025-06-20,P002,83,0
2025-06-21,P002,73,0
2025-06-22,P002,78,0
2025-06-23,P002,67,0
2025-06-24,P002,77,0
2025-06-25,P002,66,0
2025-06-26,P002,71,0
2025-06-27,P002,66,0
2025-06-28,P002,93,0
2025-06-29,P002,96,0
2025-01-01,P003,6,0
2025-01-02,P003,12,0
2025-01-03,P003,6,0
2025-01-04,P003,6,0
2025-01-05,P003,8,0
2025-01-06,P003,9,0
2025-01-07,P003,6,0
2025-01-08,P003,14,0
2025-01-09,P003,7,1
2025-01-10,P003,13,0
2025-01-11,P003,9,0
2025-01-12,P003,12,0
2025-01-13,P003,3,0
2025-01-14,P003,7,0
2025-01-15,P003,11,0
2025-01-16,P003,8,0
2025-01-17,P003,6,0
2025-01-18,P003,9,0
2025-01-19,P003,12,0
2025-01-20,P003,10,0
2025-01-21,P003,11,0
2025-01-22,P003,9,0
2025-01-23,P003,6,0
2025-01-24,P003,8,0
2025-01-25,P003,8,0
2025-01-26,P003,11,0
2025-01-27,P003,4,0
2025-01-28,P003,12,0
2025-01-29,P003,7,0
2025-01-30,P003,10,0
2025-01-31,P003,6,0
2025-02-01,P003,13,0
2025-02-02,P003,12,0
2025-02-03,P003,14,0
2025-02-04,P003,2,0
2025-02-05,P003,6,0
2025-02-06,P003,12,0
2025-02-07,P003,8,0
2025-02-08,P003,10,0
2025-02-09,P003,14,0
2025-02-10,P003,7,0
2025-02-11,P003,8,0
2025-02-12,P003,14,0
2025-02-13,P003,11,0
2025-02-14,P003,11,0
2025-02-15,P003,10,0
2025-02-16,P003,11,0
2025-02-17,P003,6,0
2025-02-18,P003,12,1
2025-02-19,P003,7,0
2025-02-20,P003,11,0
2025-02-21,P003,4,0
2025-02-22,P003,12,0
2025-02-23,P003,13,0
2025-02-24,P003,6,0
2025-02-25,P003,6,0
2025-02-26,P003,12,0
2025-02-27,P003,12,0
2025-02-28,P003,9,0
2025-03-01,P003,10,0
2025-03-02,P003,9,0
2025-03-03,P003,10,0
2025-03-04,P003,15,0
2025-03-05,P003,16,0
2025-03-06,P003,14,0
2025-03-07,P003,13,0
2025-03-08,P003,18,0
2025-03-09,P003,11,0
2025-03-10,P003,14,0
2025-03-11,P003,18,1
2025-03-12,P003,8,0
2025-03-13,P003,13,0
2025-03-14,P003,12,0
2025-03-15,P003,14,0
2025-03-16,P003,22,1
2025-03-17,P003,26,0
2025-03-18,P003,12,0
2025-03-19,P003,11,0
2025-03-20,P003,11,0
2025-03-21,P003,21,1
2025-03-22,P003,7,0
2025-03-23,P003,10,0
2025-03-24,P003,10,0
2025-03-25,P003,10,0
2025-03-26,P003,8,0
2025-03-27,P003,12,1
2025-03-28,P003,8,0
2025-03-29,P003,13,0
2025-03-30,P003,15,0
2025-03-31,P003,14,0
2025-04-01,P003,12,0
2025-04-02,P003,9,0
2025-04-03,P003,22,0
2025-04-04,P003,13,0
2025-04-05,P003,19,0
2025-04-06,P003,16,0
2025-04-07,P003,16,1
2025-04-08,P003,16,1
2025-04-09,P003,15,0
2025-04-10,P003,10,0
2025-04-11,P003,24,0
2025-04-12,P003,17,0
2025-04-13,P003,18,0
2025-04-14,P003,19,0
2025-04-15,P003,19,0
2025-04-16,P003,9,0
2025-04-17,P003,12,0
2025-04-18,P003,19,0
2025-04-19,P003,16,0
2025-04-20,P003,15,0
2025-04-21,P003,9,0
2025-04-22,P003,12,0
2025-04-23,P003,8,0
2025-04-24,P003,17,0
2025-04-25,P003,20,0
2025-04-26,P003,19,0
2025-04-27,P003,21,0
2025-04-28,P003,11,0
2025-04-29,P003,13,1
2025-04-30,P003,18,0
2025-05-01,P003,15,0
2025-05-02,P003,24,0
2025-05-03,P003,22,1
2025-05-04,P003,20,0
2025-05-05,P003,15,0
2025-05-06,P003,20,1
2025-05-07,P003,33,1
2025-05-08,P003,13,0
2025-05-09,P003,20,0
2025-05-10,P003,26,1
2025-05-11,P003,18,0
2025-05-12,P003,17,0
2025-05-13,P003,22,0
2025-05-14,P003,25,0
2025-05-15,P003,20,1
2025-05-16,P003,17,0
2025-05-17,P003,14,0
2025-05-18,P003,21,0
2025-05-19,P003,18,0
2025-05-20,P003,14,0
2025-05-21,P003,19,0
2025-05-22,P003,17,0
2025-05-23,P003,6,0
2025-05-24,P003,18,0
2025-05-25,P003,16,0
2025-05-26,P003,14,0
2025-05-27,P003,13,0
2025-05-28,P003,17,0
2025-05-29,P003,12,1
2025-05-30,P003,17,1
2025-05-31,P003,22,0
2025-06-01,P003,28,0
2025-06-02,P003,22,0
2025-06-03,P003,21,0
2025-06-04,P003,18,0
2025-06-05,P003,17,1
2025-06-06,P003,32,1
2025-06-07,P003,25,0
2025-06-08,P003,15,0
2025-06-09,P003,24,0
2025-06-10,P003,21,0
2025-06-11,P003,21,0
2025-06-12,P003,18,0
2025-06-13,P003,27,0
2025-06-14,P003,27,0
2025-06-15,P003,18,0
2025-06-16,P003,14,1
2025-06-17,P003,17,0
2025-06-18,P003,14,0
2025-06-19,P003,19,0
2025-06-20,P003,14,0
2025-06-21,P003,20,0
2025-06-22,P003,14,0
2025-06-23,P003,12,0
2025-06-24,P003,21,0
2025-06-25,P003,20,0
2025-06-26,P003,21,0
2025-06-27,P003,20,0
2025-06-28,P003,18,0
2025-06-29,P003,24,0
2025-01-01,P004,8,0
2025-01-02,P004,6,0
2025-01-03,P004,8,0
2025-01-04,P004,6,0
2025-01-05,P004,7,0
2025-01-06,P004,6,0
2025-01-07,P004,9,0
2025-01-08,P004,5,1
2025-01-09,P004,9,0
2025-01-10,P004,6,0
2025-01-11,P004,10,1
2025-01-12,P004,7,0
2025-01-13,P004,7,1
2025-01-14,P004,7,0
2025-01-15,P004,4,0
2025-01-16,P004,1,0
2025-01-17,P004,6,0
2025-01-18,P004,9,0
2025-01-19,P004,10,0
2025-01-20,P004,10,0
2025-01-21,P004,6,0
2025-01-22,P004,10,0
2025-01-23,P004,8,0
2025-01-24,P004,7,0
2025-01-25,P004,10,0
2025-01-26,P004,7,0
2025-01-27,P004,7,0
2025-01-28,P004,9,0
2025-01-29,P004,5,0
2025-01-30,P004,5,0
2025-01-31,P004,6,0
2025-02-01,P004,8,0
2025-02-02,P004,7,0
2025-02-03,P004,11,0
2025-02-04,P004,9,0
2025-02-05,P004,5,0
2025-02-06,P004,14,1
2025-02-07,P004,7,0
2025-02-08,P004,6,0
2025-02-09,P004,12,1
2025-02-10,P004,9,0
2025-02-11,P004,10,0
2025-02-12,P004,6,0
2025-02-13,P004,11,0
2025-02-14,P004,4,0
2025-02-15,P004,4,0
2025-02-16,P004,5,0
2025-02-17,P004,5,0
2025-02-18,P004,4,0
2025-02-19,P004,7,0
2025-02-20,P004,8,0
2025-02-21,P004,5,0
2025-02-22,P004,4,0
2025-02-23,P004,11,0
2025-02-24,P004,4,0
2025-02-25,P004,7,0
2025-02-26,P004,3,0
2025-02-27,P004,8,0
2025-02-28,P004,10,0
2025-03-01,P004,5,0
2025-03-02,P004,11,0
2025-03-03,P004,7,0
2025-03-04,P004,9,0
2025-03-05,P004,10,0
2025-03-06,P004,5,0
2025-03-07,P004,15,0
2025-03-08,P004,7,0
2025-03-09,P004,12,0
2025-03-10,P004,7,0
2025-03-11,P004,13,0
2025-03-12,P004,10,0
2025-03-13,P004,11,0
2025-03-14,P004,9,0
2025-03-15,P004,10,0
2025-03-16,P004,9,0
2025-03-17,P004,6,0
2025-03-18,P004,5,0
2025-03-19,P004,4,0
2025-03-20,P004,10,1
2025-03-21,P004,8,0
2025-03-22,P004,5,0
2025-03-23,P004,4,0
2025-03-24,P004,10,0
2025-03-25,P004,2,0
2025-03-26,P004,8,1
2025-03-27,P004,8,0
2025-03-28,P004,5,0
2025-03-29,P004,11,0
2025-03-30,P004,8,0
2025-03-31,P004,3,0
2025-04-01,P004,12,0
2025-04-02,P004,5,0
2025-04-03,P004,12,0
2025-04-04,P004,6,0
2025-04-05,P004,21,1
2025-04-06,P004,10,0
2025-04-07,P004,5,0
2025-04-08,P004,11,0
2025-04-09,P004,14,0
2025-04-10,P004,17,0
2025-04-11,P004,9,1
2025-04-12,P004,12,0
2025-04-13,P004,12,0
2025-04-14,P004,8,0
2025-04-15,P004,11,1
2025-04-16,P004,11,0
2025-04-17,P004,6,0
2025-04-18,P004,12,0
2025-04-19,P004,20,0
2025-04-20,P004,11,0
2025-04-21,P004,5,0
2025-04-22,P004,9,0
2025-04-23,P004,8,0
2025-04-24,P004,4,0
2025-04-25,P004,9,0
2025-04-26,P004,17,1
2025-04-27,P004,10,0
2025-04-28,P004,8,1
2025-04-29,P004,14,0
2025-04-30,P004,9,0
2025-05-01,P004,9,0
2025-05-02,P004,18,0
2025-05-03,P004,12,0
2025-05-04,P004,15,1
2025-05-05,P004,13,1
2025-05-06,P004,14,0
2025-05-07,P004,7,0
2025-05-08,P004,8,0
2025-05-09,P004,16,0
2025-05-10,P004,14,0
2025-05-11,P004,13,0
2025-05-12,P004,11,0
2025-05-13,P004,16,0
2025-05-14,P004,10,0
2025-05-15,P004,13,0
2025-05-16,P004,10,0
2025-05-17,P004,15,0
2025-05-18,P004,15,0
2025-05-19,P004,10,0
2025-05-20,P004,9,0
2025-05-21,P004,10,0
2025-05-22,P004,13,0
2025-05-23,P004,7,0
2025-05-24,P004,7,0
2025-05-25,P004,9,0
2025-05-26,P004,6,0
2025-05-27,P004,9,0
2025-05-28,P004,11,0
2025-05-29,P004,8,0
2025-05-30,P004,13,1
2025-05-31,P004,16,0
2025-06-01,P004,5,0
2025-06-02,P004,16,0
2025-06-03,P004,14,0
2025-06-04,P004,10,0
2025-06-05,P004,12,0
2025-06-06,P004,17,0
2025-06-07,P004,12,0
2025-06-08,P004,22,0
2025-06-09,P004,13,0
2025-06-10,P004,10,0
2025-06-11,P004,12,0
2025-06-12,P004,16,0
2025-06-13,P004,17,1
2025-06-14,P004,11,0
2025-06-15,P004,16,1
2025-06-16,P004,10,0
2025-06-17,P004,9,0
2025-06-18,P004,10,0
2025-06-19,P004,10,0
2025-06-20,P004,18,1
2025-06-21,P004,7,0
2025-06-22,P004,8,0
2025-06-23,P004,7,1
2025-06-24,P004,7,0
2025-06-25,P004,8,1
2025-06-26,P004,16,0
2025-06-27,P004,6,0
2025-06-28,P004,15,1
2025-06-29,P004,11,0
2025-01-01,P005,31,0
2025-01-02,P005,32,0
2025-01-03,P005,44,0
2025-01-04,P005,44,0
2025-01-05,P005,39,0
2025-01-06,P005,33,0
2025-01-07,P005,41,0
2025-01-08,P005,40,0
2025-01-09,P005,35,0
2025-01-10,P005,36,0
2025-01-11,P005,51,0
2025-01-12,P005,48,0
2025-01-13,P005,48,1
2025-01-14,P005,37,0
2025-01-15,P005,42,0
2025-01-16,P005,33,0
2025-01-17,P005,51,1
2025-01-18,P005,41,0
2025-01-19,P005,45,0
2025-01-20,P005,39,0
2025-01-21,P005,29,0
2025-01-22,P005,43,0
2025-01-23,P005,35,0
2025-01-24,P005,46,0
2025-01-25,P005,46,0
2025-01-26,P005,45,0
2025-01-27,P005,41,0
2025-01-28,P005,41,0
2025-01-29,P005,41,0
2025-01-30,P005,48,0
2025-01-31,P005,49,0
2025-02-01,P005,55,0
2025-02-02,P005,64,0
2025-02-03,P005,58,1
2025-02-04,P005,49,0
2025-02-05,P005,54,0
2025-02-06,P005,76,0
2025-02-07,P005,92,1
2025-02-08,P005,69,0
2025-02-09,P005,69,0
2025-02-10,P005,74,1
2025-02-11,P005,52,0
2025-02-12,P005,47,0
2025-02-13,P005,62,1
2025-02-14,P005,47,0
2025-02-15,P005,63,0
2025-02-16,P005,74,1
2025-02-17,P005,54,0
2025-02-18,P005,49,0
2025-02-19,P005,63,1
2025-02-20,P005,58,0
2025-02-21,P005,47,0
2025-02-22,P005,64,0
2025-02-23,P005,67,0
2025-02-24,P005,68,0
2025-02-25,P005,57,0
2025-02-26,P005,45,0
2025-02-27,P005,52,0
2025-02-28,P005,66,0
2025-03-01,P005,92,0
2025-03-02,P005,85,0
2025-03-03,P005,68,0
2025-03-04,P005,70,0
2025-03-05,P005,82,0
2025-03-06,P005,77,0
2025-03-07,P005,73,0
2025-03-08,P005,120,0
2025-03-09,P005,98,0
2025-03-10,P005,80,0
2025-03-11,P005,89,0
2025-03-12,P005,71,0
2025-03-13,P005,73,0
2025-03-14,P005,79,0
2025-03-15,P005,113,1
2025-03-16,P005,83,0
2025-03-17,P005,71,0
2025-03-18,P005,76,0
2025-03-19,P005,76,0
2025-03-20,P005,59,0
2025-03-21,P005,62,0
2025-03-22,P005,86,0
2025-03-23,P005,97,0
2025-03-24,P005,70,0
2025-03-25,P005,57,0
2025-03-26,P005,85,0
2025-03-27,P005,81,0
2025-03-28,P005,82,0
2025-03-29,P005,104,0
2025-03-30,P005,110,0
2025-03-31,P005,72,0
2025-04-01,P005,93,0
2025-04-02,P005,90,0
2025-04-03,P005,111,1
2025-04-04,P005,105,0
2025-04-05,P005,117,0
2025-04-06,P005,152,1
2025-04-07,P005,95,0
2025-04-08,P005,103,0
2025-04-09,P005,144,1
2025-04-10,P005,95,0
2025-04-11,P005,117,0
2025-04-12,P005,115,0
2025-04-13,P005,123,0
2025-04-14,P005,94,0
2025-04-15,P005,102,0
2025-04-16,P005,83,0
2025-04-17,P005,110,0
2025-04-18,P005,96,1
2025-04-19,P005,89,0
2025-04-20,P005,116,0
2025-04-21,P005,73,0
2025-04-22,P005,71,0
2025-04-23,P005,71,0
2025-04-24,P005,93,0
2025-04-25,P005,103,1
2025-04-26,P005,102,0
2025-04-27,P005,133,1
2025-04-28,P005,99,0
2025-04-29,P005,111,1
2025-04-30,P005,114,0
2025-05-01,P005,107,0
2025-05-02,P005,118,0
2025-05-03,P005,131,0
2025-05-04,P005,145,0
2025-05-05,P005,119,0
2025-05-06,P005,114,0
2025-05-07,P005,137,1
2025-05-08,P005,112,0
2025-05-09,P005,139,0
2025-05-10,P005,180,1
2025-05-11,P005,143,0
2025-05-12,P005,125,0
2025-05-13,P005,133,0
2025-05-14,P005,119,0
2025-05-15,P005,107,0
2025-05-16,P005,127,0
2025-05-17,P005,137,0
2025-05-18,P005,117,0
2025-05-19,P005,89,0
2025-05-20,P005,127,1
2025-05-21,P005,100,0
2025-05-22,P005,107,0
2025-05-23,P005,102,0
2025-05-24,P005,126,0
2025-05-25,P005,115,0
2025-05-26,P005,130,1
2025-05-27,P005,120,0
2025-05-28,P005,112,0
2025-05-29,P005,127,1
2025-05-30,P005,152,1
2025-05-31,P005,125,0
2025-06-01,P005,131,0
2025-06-02,P005,159,1
2025-06-03,P005,121,0
2025-06-04,P005,141,0
2025-06-05,P005,121,0
2025-06-06,P005,194,1
2025-06-07,P005,169,0
2025-06-08,P005,167,0
2025-06-09,P005,131,0
2025-06-10,P005,132,0
2025-06-11,P005,128,0
2025-06-12,P005,146,0
2025-06-13,P005,128,0
2025-06-14,P005,197,1
2025-06-15,P005,158,0
2025-06-16,P005,123,0
2025-06-17,P005,129,0
2025-06-18,P005,123,0
2025-06-19,P005,118,0
2025-06-20,P005,106,0
2025-06-21,P005,150,0
2025-06-22,P005,139,0
2025-06-23,P005,113,0
2025-06-24,P005,115,0
2025-06-25,P005,108,0
2025-06-26,P005,125,0
2025-06-27,P005,154,1
2025-06-28,P005,163,0
2025-06-29,P005,160,0
2025-01-01,P006,10,1
2025-01-02,P006,7,0
2025-01-03,P006,9,0
2025-01-04,P006,7,0
2025-01-05,P006,9,0
2025-01-06,P006,11,1
2025-01-07,P006,11,0
2025-01-08,P006,10,0
2025-01-09,P006,10,0
2025-01-10,P006,6,0
2025-01-11,P006,14,0
2025-01-12,P006,13,0
2025-01-13,P006,9,0
2025-01-14,P006,10,1
2025-01-15,P006,6,0
2025-01-16,P006,8,0
2025-01-17,P006,6,0
2025-01-18,P006,7,0
2025-01-19,P006,16,0
2025-01-20,P006,9,0
2025-01-21,P006,7,0
2025-01-22,P006,9,0
2025-01-23,P006,5,0
2025-01-24,P006,4,0
2025-01-25,P006,8,0
2025-01-26,P006,9,0
2025-01-27,P006,8,1
2025-01-28,P006,4,0
2025-01-29,P006,10,0
2025-01-30,P006,12,0
2025-01-31,P006,6,0
2025-02-01,P006,11,0
2025-02-02,P006,11,0
2025-02-03,P006,8,0
2025-02-04,P006,8,0
2025-02-05,P006,5,0
2025-02-06,P006,11,0
2025-02-07,P006,12,0
2025-02-08,P006,10,0
2025-02-09,P006,13,0
2025-02-10,P006,9,0
2025-02-11,P006,9,0
2025-02-12,P006,11,0
2025-02-13,P006,10,0
2025-02-14,P006,8,0
2025-02-15,P006,9,0
2025-02-16,P006,8,0
2025-02-17,P006,7,0
2025-02-18,P006,9,0
2025-02-19,P006,8,0
2025-02-20,P006,6,0
2025-02-21,P006,9,0
2025-02-22,P006,10,0
2025-02-23,P006,8,0
2025-02-24,P006,8,0
2025-02-25,P006,9,0
2025-02-26,P006,7,0
2025-02-27,P006,4,0
2025-02-28,P006,4,0
2025-03-01,P006,11,0
2025-03-02,P006,6,0
2025-03-03,P006,8,0
2025-03-04,P006,8,0
2025-03-05,P006,13,0
2025-03-06,P006,3,0
2025-03-07,P006,9,0
2025-03-08,P006,15,0
2025-03-09,P006,8,0
2025-03-10,P006,7,0
2025-03-11,P006,9,0
2025-03-12,P006,9,0
2025-03-13,P006,17,1
2025-03-14,P006,14,0
2025-03-15,P006,13,1
2025-03-16,P006,12,0
2025-03-17,P006,7,0
2025-03-18,P006,7,0
2025-03-19,P006,13,1
2025-03-20,P006,2,0
2025-03-21,P006,9,0
2025-03-22,P006,6,0
2025-03-23,P006,5,1
2025-03-24,P006,6,1
2025-03-25,P006,9,0
2025-03-26,P006,3,0
2025-03-27,P006,7,1
2025-03-28,P006,3,0
2025-03-29,P006,11,1
2025-03-30,P006,10,1
2025-03-31,P006,2,0
2025-04-01,P006,8,0
2025-04-02,P006,7,0
2025-04-03,P006,9,0
2025-04-04,P006,8,0
2025-04-05,P006,15,0
2025-04-06,P006,11,0
2025-04-07,P006,11,0
2025-04-08,P006,12,0
2025-04-09,P006,9,0
2025-04-10,P006,16,1
2025-04-11,P006,5,0
2025-04-12,P006,16,0
2025-04-13,P006,8,0
2025-04-14,P006,9,0
2025-04-15,P006,16,1
2025-04-16,P006,8,0
2025-04-17,P006,9,0
2025-04-18,P006,8,0
2025-04-19,P006,6,0
2025-04-20,P006,7,0
2025-04-21,P006,4,0
2025-04-22,P006,5,0
2025-04-23,P006,10,0
2025-04-24,P006,8,0
2025-04-25,P006,3,0
2025-04-26,P006,7,0
2025-04-27,P006,6,0
2025-04-28,P006,4,0
2025-04-29,P006,5,0
2025-04-30,P006,11,1
2025-05-01,P006,5,0
2025-05-02,P006,8,0
2025-05-03,P006,7,0
2025-05-04,P006,7,0
2025-05-05,P006,12,0
2025-05-06,P006,4,0
2025-05-07,P006,9,0
2025-05-08,P006,8,0
2025-05-09,P006,6,0
2025-05-10,P006,15,0
2025-05-11,P006,14,0
2025-05-12,P006,12,0
2025-05-13,P006,11,0
2025-05-14,P006,7,0
2025-05-15,P006,7,0
2025-05-16,P006,6,0
2025-05-17,P006,6,1
2025-05-18,P006,9,0
2025-05-19,P006,10,1
2025-05-20,P006,3,0
2025-05-21,P006,11,0
2025-05-22,P006,7,0
2025-05-23,P006,9,1
2025-05-24,P006,4,0
2025-05-25,P006,10,0
2025-05-26,P006,5,0
2025-05-27,P006,16,1
2025-05-28,P006,9,0
2025-05-29,P006,6,0
2025-05-30,P006,12,1
2025-05-31,P006,8,0
2025-06-01,P006,14,0
2025-06-02,P006,11,0
2025-06-03,P006,10,0
2025-06-04,P006,10,0
2025-06-05,P006,10,0
2025-06-06,P006,15,1
2025-06-07,P006,11,0
2025-06-08,P006,8,0
2025-06-09,P006,12,1
2025-06-10,P006,7,0
2025-06-11,P006,7,0
2025-06-12,P006,6,0
2025-06-13,P006,7,0
2025-06-14,P006,15,1
2025-06-15,P006,10,0
2025-06-16,P006,6,0
2025-06-17,P006,6,0
2025-06-18,P006,5,0
2025-06-19,P006,6,0
2025-06-20,P006,6,0
2025-06-21,P006,6,1
2025-06-22,P006,9,0
2025-06-23,P006,8,0
2025-06-24,P006,4,0
2025-06-25,P006,11,0
2025-06-26,P006,10,1
2025-06-27,P006,3,0
2025-06-28,P006,10,0
2025-06-29,P006,7,0
2025-01-01,P007,21,1
2025-01-02,P007,11,0
2025-01-03,P007,18,0
2025-01-04,P007,19,0
2025-01-05,P007,21,1
2025-01-06,P007,27,0
2025-01-07,P007,15,0
2025-01-08,P007,27,0
2025-01-09,P007,18,0
2025-01-10,P007,11,0
2025-01-11,P007,30,0
2025-01-12,P007,23,0
2025-01-13,P007,16,0
2025-01-14,P007,13,0
2025-01-15,P007,20,0
2025-01-16,P007,22,0
2025-01-17,P007,24,1
2025-01-18,P007,20,0
2025-01-19,P007,23,0
2025-01-20,P007,22,0
2025-01-21,P007,16,0
2025-01-22,P007,19,1
2025-01-23,P007,16,0
2025-01-24,P007,12,0
2025-01-25,P007,15,1
2025-01-26,P007,19,0
2025-01-27,P007,15,0
2025-01-28,P007,13,0
2025-01-29,P007,23,0
2025-01-30,P007,16,0
2025-01-31,P007,17,0
2025-02-01,P007,34,1
2025-02-02,P007,32,0
2025-02-03,P007,27,0
2025-02-04,P007,22,0
2025-02-05,P007,17,0
2025-02-06,P007,34,1
2025-02-07,P007,27,0
2025-02-08,P007,33,0
2025-02-09,P007,30,0
2025-02-10,P007,29,0
2025-02-11,P007,24,0
2025-02-12,P007,30,0
2025-02-13,P007,28,0
2025-02-14,P007,26,0
2025-02-15,P007,21,0
2025-02-16,P007,15,0
2025-02-17,P007,16,0
2025-02-18,P007,22,0
2025-02-19,P007,16,0
2025-02-20,P007,20,0
2025-02-21,P007,31,1
2025-02-22,P007,23,0
2025-02-23,P007,19,0
2025-02-24,P007,17,0
2025-02-25,P007,17,0
2025-02-26,P007,22,0
2025-02-27,P007,20,0
2025-02-28,P007,32,0
2025-03-01,P007,25,0
2025-03-02,P007,35,1
2025-03-03,P007,27,0
2025-03-04,P007,21,0
2025-03-05,P007,42,0
2025-03-06,P007,35,0
2025-03-07,P007,27,0
2025-03-08,P007,39,0
2025-03-09,P007,32,0
2025-03-10,P007,30,0
2025-03-11,P007,43,1
2025-03-12,P007,36,1
2025-03-13,P007,12,0
2025-03-14,P007,24,0
2025-03-15,P007,31,0
2025-03-16,P007,48,1
2025-03-17,P007,43,0
2025-03-18,P007,20,0
2025-03-19,P007,28,0
2025-03-20,P007,21,0
2025-03-21,P007,19,0
2025-03-22,P007,39,1
2025-03-23,P007,33,0
2025-03-24,P007,36,0
2025-03-25,P007,25,0
2025-03-26,P007,25,0
2025-03-27,P007,23,0
2025-03-28,P007,33,1
2025-03-29,P007,33,0
2025-03-30,P007,32,0
2025-03-31,P007,28,0
2025-04-01,P007,29,0
2025-04-02,P007,34,0
2025-04-03,P007,40,0
2025-04-04,P007,37,0
2025-04-05,P007,46,0
2025-04-06,P007,41,0
2025-04-07,P007,35,0
2025-04-08,P007,38,0
2025-04-09,P007,43,0
2025-04-10,P007,30,0
2025-04-11,P007,43,0
2025-04-12,P007,46,0
2025-04-13,P007,37,0
2025-04-14,P007,33,0
2025-04-15,P007,35,0
2025-04-16,P007,40,0
2025-04-17,P007,24,0
2025-04-18,P007,23,0
2025-04-19,P007,41,0
2025-04-20,P007,41,0
2025-04-21,P007,23,0
2025-04-22,P007,23,0
2025-04-23,P007,27,0
2025-04-24,P007,22,0
2025-04-25,P007,36,0
2025-04-26,P007,35,0
2025-04-27,P007,25,0
2025-04-28,P007,35,1
2025-04-29,P007,30,0
2025-04-30,P007,50,1
2025-05-01,P007,34,0
2025-05-02,P007,36,0
2025-05-03,P007,51,0
2025-05-04,P007,37,0
2025-05-05,P007,42,0
2025-05-06,P007,35,0
2025-05-07,P007,43,0
2025-05-08,P007,45,0
2025-05-09,P007,35,0
2025-05-10,P007,43,0
2025-05-11,P007,42,0
2025-05-12,P007,48,0
2025-05-13,P007,30,0
2025-05-14,P007,37,0
2025-05-15,P007,42,0
2025-05-16,P007,45,0
2025-05-17,P007,37,0
2025-05-18,P007,34,0
2025-05-19,P007,39,1
2025-05-20,P007,34,0
2025-05-21,P007,33,0
2025-05-22,P007,19,0
2025-05-23,P007,37,0
2025-05-24,P007,43,0
2025-05-25,P007,43,0
2025-05-26,P007,32,0
2025-05-27,P007,30,0
2025-05-28,P007,24,0
2025-05-29,P007,39,0
2025-05-30,P007,30,0
2025-05-31,P007,46,0
2025-06-01,P007,48,0
2025-06-02,P007,45,0
2025-06-03,P007,37,0
2025-06-04,P007,43,1
2025-06-05,P007,36,0
2025-06-06,P007,44,0
2025-06-07,P007,82,1
2025-06-08,P007,56,0
2025-06-09,P007,55,0
2025-06-10,P007,48,0
2025-06-11,P007,47,0
2025-06-12,P007,50,0
2025-06-13,P007,35,0
2025-06-14,P007,59,0
2025-06-15,P007,52,0
2025-06-16,P007,34,0
2025-06-17,P007,44,1
2025-06-18,P007,40,1
2025-06-19,P007,31,0
2025-06-20,P007,47,1
2025-06-21,P007,33,0
2025-06-22,P007,37,0
2025-06-23,P007,31,0
2025-06-24,P007,38,0
2025-06-25,P007,40,0
2025-06-26,P007,54,1
2025-06-27,P007,34,0
2025-06-28,P007,54,0
2025-06-29,P007,67,1
2025-01-01,P008,10,1
2025-01-02,P008,13,0
2025-01-03,P008,18,0
2025-01-04,P008,18,0
2025-01-05,P008,25,0
2025-01-06,P008,23,0
2025-01-07,P008,15,0
2025-01-08,P008,18,0
2025-01-09,P008,17,0
2025-01-10,P008,18,0
2025-01-11,P008,22,0
2025-01-12,P008,26,1
2025-01-13,P008,20,0
2025-01-14,P008,24,0
2025-01-15,P008,17,0
2025-01-16,P008,22,0
2025-01-17,P008,15,0
2025-01-18,P008,21,0
2025-01-19,P008,20,0
2025-01-20,P008,17,0
2025-01-21,P008,12,0
2025-01-22,P008,18,0
2025-01-23,P008,19,0
2025-01-24,P008,16,0
2025-01-25,P008,19,0
2025-01-26,P008,19,0
2025-01-27,P008,21,0
2025-01-28,P008,19,0
2025-01-29,P008,13,0
2025-01-30,P008,26,1
2025-01-31,P008,22,0
2025-02-01,P008,23,1
2025-02-02,P008,27,0
2025-02-03,P008,25,1
2025-02-04,P008,23,0
2025-02-05,P008,32,0
2025-02-06,P008,34,0
2025-02-07,P008,28,0
2025-02-08,P008,37,0
2025-02-09,P008,33,0
2025-02-10,P008,26,0
2025-02-11,P008,27,0
2025-02-12,P008,24,0
2025-02-13,P008,25,0
2025-02-14,P008,23,0
2025-02-15,P008,31,0
2025-02-16,P008,33,0
2025-02-17,P008,18,0
2025-02-18,P008,23,0
2025-02-19,P008,27,0
2025-02-20,P008,21,0
2025-02-21,P008,19,0
2025-02-22,P008,32,1
2025-02-23,P008,21,0
2025-02-24,P008,22,0
2025-02-25,P008,24,0
2025-02-26,P008,26,0
2025-02-27,P008,26,0
2025-02-28,P008,24,0
2025-03-01,P008,47,1
2025-03-02,P008,37,0
2025-03-03,P008,19,0
2025-03-04,P008,33,0
2025-03-05,P008,28,0
2025-03-06,P008,27,0
2025-03-07,P008,41,0
2025-03-08,P008,40,0
2025-03-09,P008,41,0
2025-03-10,P008,33,0
2025-03-11,P008,34,0
2025-03-12,P008,37,0
2025-03-13,P008,43,1
2025-03-14,P008,32,0
2025-03-15,P008,41,0
2025-03-16,P008,26,0
2025-03-17,P008,43,0
2025-03-18,P008,33,0
2025-03-19,P008,35,0
2025-03-20,P008,33,0
2025-03-21,P008,32,0
2025-03-22,P008,31,0
2025-03-23,P008,35,0
2025-03-24,P008,26,0
2025-03-25,P008,22,0
2025-03-26,P008,24,0
2025-03-27,P008,32,0
2025-03-28,P008,38,0
2025-03-29,P008,39,1
2025-03-30,P008,39,0
2025-03-31,P008,38,0
2025-04-01,P008,26,0
2025-04-02,P008,35,0
2025-04-03,P008,34,0
2025-04-04,P008,31,0
2025-04-05,P008,36,0
2025-04-06,P008,40,0
2025-04-07,P008,46,0
2025-04-08,P008,56,0
2025-04-09,P008,57,1
2025-04-10,P008,59,0
2025-04-11,P008,38,0
2025-04-12,P008,34,0
2025-04-13,P008,48,1
2025-04-14,P008,40,0
2025-04-15,P008,43,0
2025-04-16,P008,42,0
2025-04-17,P008,38,0
2025-04-18,P008,35,0
2025-04-19,P008,48,1
2025-04-20,P008,49,1
2025-04-21,P008,35,0
2025-04-22,P008,42,0
2025-04-23,P008,28,0
2025-04-24,P008,36,0
2025-04-25,P008,37,0
2025-04-26,P008,68,1
2025-04-27,P008,43,0
2025-04-28,P008,31,0
2025-04-29,P008,30,0
2025-04-30,P008,31,0
2025-05-01,P008,34,0
2025-05-02,P008,29,0
2025-05-03,P008,51,0
2025-05-04,P008,47,0
2025-05-05,P008,53,0
2025-05-06,P008,55,0
2025-05-07,P008,51,0
2025-05-08,P008,44,0
2025-05-09,P008,48,0
2025-05-10,P008,65,0
2025-05-11,P008,58,0
2025-05-12,P008,43,0
2025-05-13,P008,51,1
2025-05-14,P008,48,0
2025-05-15,P008,62,0
2025-05-16,P008,45,0
2025-05-17,P008,49,0
2025-05-18,P008,53,0
2025-05-19,P008,45,1
2025-05-20,P008,36,0
2025-05-21,P008,31,0
2025-05-22,P008,42,0
2025-05-23,P008,43,0
2025-05-24,P008,51,0
2025-05-25,P008,66,1
2025-05-26,P008,46,0
2025-05-27,P008,42,0
2025-05-28,P008,44,0
2025-05-29,P008,37,0
2025-05-30,P008,45,0
2025-05-31,P008,71,0
2025-06-01,P008,51,0
2025-06-02,P008,61,1
2025-06-03,P008,56,0
2025-06-04,P008,78,1
2025-06-05,P008,53,0
2025-06-06,P008,41,0
2025-06-07,P008,63,0
2025-06-08,P008,68,0
2025-06-09,P008,56,0
2025-06-10,P008,61,0
2025-06-11,P008,52,0
2025-06-12,P008,57,0
2025-06-13,P008,35,0
2025-06-14,P008,63,0
2025-06-15,P008,63,0
2025-06-16,P008,64,1
2025-06-17,P008,41,0
2025-06-18,P008,47,0
2025-06-19,P008,36,0
2025-06-20,P008,41,0
2025-06-21,P008,51,0
2025-06-22,P008,50,0
2025-06-23,P008,53,0
2025-06-24,P008,49,0
2025-06-25,P008,39,0
2025-06-26,P008,48,0
2025-06-27,P008,51,0
2025-06-28,P008,71,1
2025-06-29,P008,71,0
2025-01-01,P009,6,1
2025-01-02,P009,7,0
2025-01-03,P009,5,0
2025-01-04,P009,7,0
2025-01-05,P009,8,0
2025-01-06,P009,5,0
2025-01-07,P009,5,0
2025-01-08,P009,7,0
2025-01-09,P009,8,0
2025-01-10,P009,5,0
2025-01-11,P009,2,0
2025-01-12,P009,8,0
2025-01-13,P009,3,0
2025-01-14,P009,8,0
2025-01-15,P009,5,0
2025-01-16,P009,4,1
2025-01-17,P009,1,0
2025-01-18,P009,10,0
2025-01-19,P009,10,1
2025-01-20,P009,2,0
2025-01-21,P009,5,0
2025-01-22,P009,5,0
2025-01-23,P009,4,0
2025-01-24,P009,2,0
2025-01-25,P009,6,0
2025-01-26,P009,8,0
2025-01-27,P009,1,0
2025-01-28,P009,6,0
2025-01-29,P009,9,0
2025-01-30,P009,2,0
2025-01-31,P009,9,1
2025-02-01,P009,11,0
2025-02-02,P009,6,0
2025-02-03,P009,7,0
2025-02-04,P009,7,1
2025-02-05,P009,8,0
2025-02-06,P009,12,1
2025-02-07,P009,8,0
2025-02-08,P009,4,0
2025-02-09,P009,12,0
2025-02-10,P009,14,0
2025-02-11,P009,12,0
2025-02-12,P009,6,0
2025-02-13,P009,3,0
2025-02-14,P009,8,0
2025-02-15,P009,9,1
2025-02-16,P009,8,0
2025-02-17,P009,11,0
2025-02-18,P009,11,0
2025-02-19,P009,5,0
2025-02-20,P009,5,0
2025-02-21,P009,6,0
2025-02-22,P009,7,0
2025-02-23,P009,9,0
2025-02-24,P009,7,0
2025-02-25,P009,9,0
2025-02-26,P009,9,0
2025-02-27,P009,6,0
2025-02-28,P009,5,0
2025-03-01,P009,10,0
2025-03-02,P009,13,0
2025-03-03,P009,8,0
2025-03-04,P009,12,0
2025-03-05,P009,9,0
2025-03-06,P009,8,0
2025-03-07,P009,11,0
2025-03-08,P009,14,0
2025-03-09,P009,9,1
2025-03-10,P009,5,0
2025-03-11,P009,9,1
2025-03-12,P009,9,0
2025-03-13,P009,10,0
2025-03-14,P009,20,1
2025-03-15,P009,8,0
2025-03-16,P009,11,0
2025-03-17,P009,12,0
2025-03-18,P009,3,0
2025-03-19,P009,6,0
2025-03-20,P009,9,0
2025-03-21,P009,9,0
2025-03-22,P009,9,0
2025-03-23,P009,14,0
2025-03-24,P009,9,0
2025-03-25,P009,8,0
2025-03-26,P009,6,0
2025-03-27,P009,10,0
2025-03-28,P009,6,0
2025-03-29,P009,10,0
2025-03-30,P009,17,1
2025-03-31,P009,19,0
2025-04-01,P009,9,0
2025-04-02,P009,7,0
2025-04-03,P009,14,1
2025-04-04,P009,18,0
2025-04-05,P009,8,0
2025-04-06,P009,9,1
2025-04-07,P009,18,0
2025-04-08,P009,14,0
2025-04-09,P009,16,0
2025-04-10,P009,10,0
2025-04-11,P009,14,0
2025-04-12,P009,15,0
2025-04-13,P009,17,0
2025-04-14,P009,14,0
2025-04-15,P009,10,0
2025-04-16,P009,12,0
2025-04-17,P009,14,0
2025-04-18,P009,11,0
2025-04-19,P009,10,0
2025-04-20,P009,9,0
2025-04-21,P009,12,0
2025-04-22,P009,10,0
2025-04-23,P009,12,0
2025-04-24,P009,14,0
2025-04-25,P009,13,1
2025-04-26,P009,11,0
2025-04-27,P009,21,0
2025-04-28,P009,12,0
2025-04-29,P009,12,0
2025-04-30,P009,9,0
2025-05-01,P009,18,0
2025-05-02,P009,14,0
2025-05-03,P009,17,0
2025-05-04,P009,22,0
2025-05-05,P009,13,0
2025-05-06,P009,21,0
2025-05-07,P009,7,0
2025-05-08,P009,15,1
2025-05-09,P009,18,0
2025-05-10,P009,20,0
2025-05-11,P009,17,0
2025-05-12,P009,24,1
2025-05-13,P009,12,0
2025-05-14,P009,10,0
2025-05-15,P009,11,0
2025-05-16,P009,11,0
2025-05-17,P009,13,1
2025-05-18,P009,13,0
2025-05-19,P009,19,0
2025-05-20,P009,16,1
2025-05-21,P009,9,0
2025-05-22,P009,13,0
2025-05-23,P009,11,0
2025-05-24,P009,18,1
2025-05-25,P009,11,0
2025-05-26,P009,8,0
2025-05-27,P009,16,0
2025-05-28,P009,17,0
2025-05-29,P009,13,0
2025-05-30,P009,9,0
2025-05-31,P009,20,1
2025-06-01,P009,21,0
2025-06-02,P009,17,0
2025-06-03,P009,17,0
2025-06-04,P009,15,0
2025-06-05,P009,20,0
2025-06-06,P009,20,0
2025-06-07,P009,30,1
2025-06-08,P009,26,0
2025-06-09,P009,14,0
2025-06-10,P009,16,0
2025-06-11,P009,17,0
2025-06-12,P009,20,0
2025-06-13,P009,15,0
2025-06-14,P009,19,1
2025-06-15,P009,16,0
2025-06-16,P009,13,0
2025-06-17,P009,14,0
2025-06-18,P009,17,0
2025-06-19,P009,14,0
2025-06-20,P009,17,0
2025-06-21,P009,17,0
2025-06-22,P009,13,0
2025-06-23,P009,11,0
2025-06-24,P009,17,0
2025-06-25,P009,11,0
2025-06-26,P009,14,0
2025-06-27,P009,22,1
2025-06-28,P009,21,0
2025-06-29,P009,26,0
2025-01-01,P010,26,0
2025-01-02,P010,33,1
2025-01-03,P010,26,1
2025-01-04,P010,30,0
2025-01-05,P010,46,0
2025-01-06,P010,41,0
2025-01-07,P010,39,0
2025-01-08,P010,30,0
2025-01-09,P010,30,0
2025-01-10,P010,31,0
2025-01-11,P010,33,0
2025-01-12,P010,34,0
2025-01-13,P010,38,1
2025-01-14,P010,41,0
2025-01-15,P010,33,0
2025-01-16,P010,27,0
2025-01-17,P010,28,0
2025-01-18,P010,33,0
2025-01-19,P010,43,1
2025-01-20,P010,28,0
2025-01-21,P010,31,0
2025-01-22,P010,23,0
2025-01-23,P010,19,0
2025-01-24,P010,32,1
2025-01-25,P010,29,0
2025-01-26,P010,36,0
2025-01-27,P010,22,0
2025-01-28,P010,36,1
2025-01-29,P010,46,1
2025-01-30,P010,23,0
2025-01-31,P010,30,0
2025-02-01,P010,41,0
2025-02-02,P010,41,0
2025-02-03,P010,38,0
2025-02-04,P010,37,0
2025-02-05,P010,30,0
2025-02-06,P010,30,0
2025-02-07,P010,43,0
2025-02-08,P010,48,0
2025-02-09,P010,48,0
2025-02-10,P010,35,0
2025-02-11,P010,36,0
2025-02-12,P010,31,0
2025-02-13,P010,46,1
2025-02-14,P010,30,0
2025-02-15,P010,37,0
2025-02-16,P010,35,0
2025-02-17,P010,31,0
2025-02-18,P010,27,0
2025-02-19,P010,36,1
2025-02-20,P010,31,0
2025-02-21,P010,20,0
2025-02-22,P010,21,0
2025-02-23,P010,33,0
2025-02-24,P010,28,0
2025-02-25,P010,25,0
2025-02-26,P010,36,0
2025-02-27,P010,29,0
2025-02-28,P010,38,1
2025-03-01,P010,32,0
2025-03-02,P010,34,0
2025-03-03,P010,36,0
2025-03-04,P010,36,0
2025-03-05,P010,32,0
2025-03-06,P010,35,0
2025-03-07,P010,32,0
2025-03-08,P010,55,0
2025-03-09,P010,43,0
2025-03-10,P010,46,0
2025-03-11,P010,29,0
2025-03-12,P010,39,0
2025-03-13,P010,28,0
2025-03-14,P010,43,0
2025-03-15,P010,47,0
2025-03-16,P010,56,1
2025-03-17,P010,38,0
2025-03-18,P010,29,0
2025-03-19,P010,32,1
2025-03-20,P010,27,0
2025-03-21,P010,22,0
2025-03-22,P010,38,1
2025-03-23,P010,39,0
2025-03-24,P010,21,1
2025-03-25,P010,39,1
2025-03-26,P010,32,0
2025-03-27,P010,22,0
2025-03-28,P010,30,0
2025-03-29,P010,41,0
2025-03-30,P010,34,0
2025-03-31,P010,26,0
2025-04-01,P010,32,0
2025-04-02,P010,40,0
2025-04-03,P010,34,0
2025-04-04,P010,29,0
2025-04-05,P010,37,0
2025-04-06,P010,48,0
2025-04-07,P010,42,0
2025-04-08,P010,40,0
2025-04-09,P010,52,1
2025-04-10,P010,38,0
2025-04-11,P010,33,0
2025-04-12,P010,62,0
2025-04-13,P010,39,0
2025-04-14,P010,33,0
2025-04-15,P010,43,0
2025-04-16,P010,35,0
2025-04-17,P010,35,0
2025-04-18,P010,26,0
2025-04-19,P010,32,0
2025-04-20,P010,38,0
2025-04-21,P010,27,0
2025-04-22,P010,28,0
2025-04-23,P010,37,0
2025-04-24,P010,19,0
2025-04-25,P010,37,1
2025-04-26,P010,47,1
2025-04-27,P010,41,0
2025-04-28,P010,25,0
2025-04-29,P010,35,0
2025-04-30,P010,32,0
2025-05-01,P010,37,0
2025-05-02,P010,32,0
2025-05-03,P010,43,0
2025-05-04,P010,33,0
2025-05-05,P010,46,1
2025-05-06,P010,41,0
2025-05-07,P010,55,1
2025-05-08,P010,50,0
2025-05-09,P010,41,0
2025-05-10,P010,52,0
2025-05-11,P010,40,0
2025-05-12,P010,46,0
2025-05-13,P010,43,0
2025-05-14,P010,36,0
2025-05-15,P010,34,0
2025-05-16,P010,42,0
2025-05-17,P010,37,0
2025-05-18,P010,40,0
2025-05-19,P010,33,0
2025-05-20,P010,31,0
2025-05-21,P010,27,0
2025-05-22,P010,30,0
2025-05-23,P010,35,1
2025-05-24,P010,35,0
2025-05-25,P010,34,0
2025-05-26,P010,27,0
2025-05-27,P010,44,0
2025-05-28,P010,29,1
2025-05-29,P010,38,0
2025-05-30,P010,35,0
2025-05-31,P010,45,0
2025-06-01,P010,46,0
2025-06-02,P010,42,0
2025-06-03,P010,36,0
2025-06-04,P010,43,0
2025-06-05,P010,43,0
2025-06-06,P010,44,0
2025-06-07,P010,60,0
2025-06-08,P010,39,0
2025-06-09,P010,48,0
2025-06-10,P010,44,0
2025-06-11,P010,44,0
2025-06-12,P010,65,0
2025-06-13,P010,49,0
2025-06-14,P010,44,0
2025-06-15,P010,54,0
2025-06-16,P010,40,0
2025-06-17,P010,36,0
2025-06-18,P010,46,1
2025-06-19,P010,38,0
2025-06-20,P010,40,0
2025-06-21,P010,44,0
2025-06-22,P010,39,0
2025-06-23,P010,30,0
2025-06-24,P010,41,0
2025-06-25,P010,43,0
2025-06-26,P010,20,0
2025-06-27,P010,33,0
2025-06-28,P010,31,0
2025-06-29,P010,34,0
2025-01-01,P011,43,0
2025-01-02,P011,34,0
2025-01-03,P011,38,0
2025-01-04,P011,49,0
2025-01-05,P011,43,0
2025-01-06,P011,45,0
2025-01-07,P011,46,0
2025-01-08,P011,42,0
2025-01-09,P011,46,1
2025-01-10,P011,48,1
2025-01-11,P011,52,0
2025-01-12,P011,44,0
2025-01-13,P011,46,0
2025-01-14,P011,40,0
2025-01-15,P011,48,0
2025-01-16,P011,37,0
2025-01-17,P011,40,0
2025-01-18,P011,49,0
2025-01-19,P011,51,0
2025-01-20,P011,49,0
2025-01-21,P011,56,0
2025-01-22,P011,36,0
2025-01-23,P011,54,1
2025-01-24,P011,41,0
2025-01-25,P011,42,0
2025-01-26,P011,46,0
2025-01-27,P011,59,1
2025-01-28,P011,44,0
2025-01-29,P011,46,0
2025-01-30,P011,50,0
2025-01-31,P011,43,0
2025-02-01,P011,63,0
2025-02-02,P011,72,0
2025-02-03,P011,63,0
2025-02-04,P011,58,0
2025-02-05,P011,64,0
2025-02-06,P011,53,0
2025-02-07,P011,73,0
2025-02-08,P011,86,0
2025-02-09,P011,82,0
2025-02-10,P011,58,0
2025-02-11,P011,63,0
2025-02-12,P011,89,0
2025-02-13,P011,69,0
2025-02-14,P011,62,0
2025-02-15,P011,101,1
2025-02-16,P011,71,0
2025-02-17,P011,68,0
2025-02-18,P011,80,1
2025-02-19,P011,48,0
2025-02-20,P011,63,0
2025-02-21,P011,54,0
2025-02-22,P011,77,1
2025-02-23,P011,70,0
2025-02-24,P011,69,0
2025-02-25,P011,67,0
2025-02-26,P011,56,0
2025-02-27,P011,63,0
2025-02-28,P011,57,0
2025-03-01,P011,75,0
2025-03-02,P011,102,0
2025-03-03,P011,93,0
2025-03-04,P011,59,0
2025-03-05,P011,83,0
2025-03-06,P011,72,0
2025-03-07,P011,85,0
2025-03-08,P011,121,0
2025-03-09,P011,118,1
2025-03-10,P011,130,1
2025-03-11,P011,120,1
2025-03-12,P011,94,0
2025-03-13,P011,87,0
2025-03-14,P011,92,0
2025-03-15,P011,121,0
2025-03-16,P011,88,0
2025-03-17,P011,73,0
2025-03-18,P011,84,0
2025-03-19,P011,75,1
2025-03-20,P011,59,0
2025-03-21,P011,82,0
2025-03-22,P011,94,0
2025-03-23,P011,71,0
2025-03-24,P011,68,0
2025-03-25,P011,74,0
2025-03-26,P011,78,0
2025-03-27,P011,85,0
2025-03-28,P011,86,0
2025-03-29,P011,115,1
2025-03-30,P011,106,0
2025-03-31,P011,97,0
2025-04-01,P011,79,0
2025-04-02,P011,101,0
2025-04-03,P011,92,0
2025-04-04,P011,105,0
2025-04-05,P011,152,0
2025-04-06,P011,150,0
2025-04-07,P011,126,0
2025-04-08,P011,123,0
2025-04-09,P011,130,0
2025-04-10,P011,121,0
2025-04-11,P011,114,0
2025-04-12,P011,137,0
2025-04-13,P011,140,0
2025-04-14,P011,124,0
2025-04-15,P011,116,0
2025-04-16,P011,84,0
2025-04-17,P011,93,0
2025-04-18,P011,88,0
2025-04-19,P011,130,0
2025-04-20,P011,118,0
2025-04-21,P011,97,0
2025-04-22,P011,95,0
2025-04-23,P011,115,0
2025-04-24,P011,101,0
2025-04-25,P011,97,0
2025-04-26,P011,140,0
2025-04-27,P011,126,0
2025-04-28,P011,94,0
2025-04-29,P011,99,0
2025-04-30,P011,114,0
2025-05-01,P011,99,0
2025-05-02,P011,140,1
2025-05-03,P011,159,0
2025-05-04,P011,190,0
2025-05-05,P011,137,0
2025-05-06,P011,140,0
2025-05-07,P011,156,0
2025-05-08,P011,156,0
2025-05-09,P011,153,1
2025-05-10,P011,210,1
2025-05-11,P011,155,0
2025-05-12,P011,140,0
2025-05-13,P011,114,0
2025-05-14,P011,124,0
2025-05-15,P011,125,0
2025-05-16,P011,146,0
2025-05-17,P011,178,1
2025-05-18,P011,145,0
2025-05-19,P011,109,0
2025-05-20,P011,133,0
2025-05-21,P011,104,0
2025-05-22,P011,133,1
2025-05-23,P011,105,0
2025-05-24,P011,136,0
2025-05-25,P011,120,0
2025-05-26,P011,125,1
2025-05-27,P011,124,0
2025-05-28,P011,129,0
2025-05-29,P011,157,1
2025-05-30,P011,123,0
2025-05-31,P011,203,1
2025-06-01,P011,167,0
2025-06-02,P011,178,1
2025-06-03,P011,135,0
2025-06-04,P011,131,0
2025-06-05,P011,152,0
2025-06-06,P011,145,0
2025-06-07,P011,260,1
2025-06-08,P011,196,0
2025-06-09,P011,173,0
2025-06-10,P011,150,0
2025-06-11,P011,161,0
2025-06-12,P011,153,0
2025-06-13,P011,160,0
2025-06-14,P011,216,1
2025-06-15,P011,217,1
2025-06-16,P011,153,0
2025-06-17,P011,130,0
2025-06-18,P011,142,0
2025-06-19,P011,124,0
2025-06-20,P011,143,0
2025-06-21,P011,165,0
2025-06-22,P011,137,0
2025-06-23,P011,128,0
2025-06-24,P011,131,0
2025-06-25,P011,121,0
2025-06-26,P011,150,0
2025-06-27,P011,195,1
2025-06-28,P011,187,0
2025-06-29,P011,159,0
2025-01-01,P012,42,0
2025-01-02,P012,47,0
2025-01-03,P012,29,0
2025-01-04,P012,46,0
2025-01-05,P012,46,0
2025-01-06,P012,41,1
2025-01-07,P012,39,0
2025-01-08,P012,58,1
2025-01-09,P012,47,0
2025-01-10,P012,36,0
2025-01-11,P012,54,0
2025-01-12,P012,67,0
2025-01-13,P012,48,0
2025-01-14,P012,45,0
2025-01-15,P012,47,0
2025-01-16,P012,43,0
2025-01-17,P012,63,0
2025-01-18,P012,44,0
2025-01-19,P012,60,1
2025-01-20,P012,47,0
2025-01-21,P012,50,0
2025-01-22,P012,55,0
2025-01-23,P012,58,0
2025-01-24,P012,61,1
2025-01-25,P012,60,0
2025-01-26,P012,73,0
2025-01-27,P012,49,0
2025-01-28,P012,50,0
2025-01-29,P012,46,0
2025-01-30,P012,67,0
2025-01-31,P012,53,0
2025-02-01,P012,86,0
2025-02-02,P012,85,0
2025-02-03,P012,74,0
2025-02-04,P012,73,0
2025-02-05,P012,71,0
2025-02-06,P012,73,1
2025-02-07,P012,63,0
2025-02-08,P012,123,1
2025-02-09,P012,92,0
2025-02-10,P012,65,0
2025-02-11,P012,79,0
2025-02-12,P012,73,0
2025-02-13,P012,96,1
2025-02-14,P012,96,0
2025-02-15,P012,92,0
2025-02-16,P012,93,0
2025-02-17,P012,85,0
2025-02-18,P012,81,0
2025-02-19,P012,79,1
2025-02-20,P012,66,0
2025-02-21,P012,65,0
2025-02-22,P012,85,0
2025-02-23,P012,99,1
2025-02-24,P012,66,0
2025-02-25,P012,98,1
2025-02-26,P012,80,0
2025-02-27,P012,65,0
2025-02-28,P012,114,1
2025-03-01,P012,114,0
2025-03-02,P012,109,0
2025-03-03,P012,88,0
2025-03-04,P012,89,0
2025-03-05,P012,97,0
2025-03-06,P012,119,0
2025-03-07,P012,115,0
2025-03-08,P012,185,1
2025-03-09,P012,146,0
2025-03-10,P012,137,0
2025-03-11,P012,126,0
2025-03-12,P012,125,0
2025-03-13,P012,112,0
2025-03-14,P012,144,1
2025-03-15,P012,131,0
2025-03-16,P012,132,0
2025-03-17,P012,100,0
2025-03-18,P012,81,0
2025-03-19,P012,110,0
2025-03-20,P012,103,0
2025-03-21,P012,101,0
2025-03-22,P012,113,0
2025-03-23,P012,128,0
2025-03-24,P012,91,0
2025-03-25,P012,95,0
2025-03-26,P012,94,0
2025-03-27,P012,115,0
2025-03-28,P012,107,0
2025-03-29,P012,132,0
2025-03-30,P012,137,0
2025-03-31,P012,116,0
2025-04-01,P012,126,0
2025-04-02,P012,161,1
2025-04-03,P012,148,0
2025-04-04,P012,131,0
2025-04-05,P012,176,0
2025-04-06,P012,191,0
2025-04-07,P012,144,0
2025-04-08,P012,147,0
2025-04-09,P012,151,0
2025-04-10,P012,149,0
2025-04-11,P012,161,0
2025-04-12,P012,209,1
2025-04-13,P012,172,0
2025-04-14,P012,117,0
2025-04-15,P012,126,0
2025-04-16,P012,132,0
2025-04-17,P012,129,0
2025-04-18,P012,123,0
2025-04-19,P012,143,0
2025-04-20,P012,157,0
2025-04-21,P012,130,0
2025-04-22,P012,129,0
2025-04-23,P012,124,0
2025-04-24,P012,133,0
2025-04-25,P012,116,0
2025-04-26,P012,174,0
2025-04-27,P012,138,0
2025-04-28,P012,135,0
2025-04-29,P012,126,0
2025-04-30,P012,143,0
2025-05-01,P012,165,0
2025-05-02,P012,170,0
2025-05-03,P012,188,0
2025-05-04,P012,213,0
2025-05-05,P012,192,0
2025-05-06,P012,188,0
2025-05-07,P012,190,0
2025-05-08,P012,170,0
2025-05-09,P012,201,0
2025-05-10,P012,218,0
2025-05-11,P012,218,0
2025-05-12,P012,178,0
2025-05-13,P012,216,1
2025-05-14,P012,177,0
2025-05-15,P012,197,1
2025-05-16,P012,156,0
2025-05-17,P012,274,1
2025-05-18,P012,214,0
2025-05-19,P012,173,0
2025-05-20,P012,164,0
2025-05-21,P012,124,0
2025-05-22,P012,145,0
2025-05-23,P012,172,0
2025-05-24,P012,215,1
2025-05-25,P012,205,0
2025-05-26,P012,152,0
2025-05-27,P012,173,0
2025-05-28,P012,151,0
2025-05-29,P012,174,0
2025-05-30,P012,200,0
2025-05-31,P012,205,0
2025-06-01,P012,253,0
2025-06-02,P012,207,0
2025-06-03,P012,195,0
2025-06-04,P012,216,0
2025-06-05,P012,220,1
2025-06-06,P012,213,0
2025-06-07,P012,302,0
2025-06-08,P012,266,0
2025-06-09,P012,200,0
2025-06-10,P012,236,0
2025-06-11,P012,215,0
2025-06-12,P012,218,0
2025-06-13,P012,200,0
2025-06-14,P012,293,1
2025-06-15,P012,251,0
2025-06-16,P012,204,0
2025-06-17,P012,197,0
2025-06-18,P012,195,0
2025-06-19,P012,189,1
2025-06-20,P012,190,0
2025-06-21,P012,226,0
2025-06-22,P012,197,0
2025-06-23,P012,170,0
2025-06-24,P012,174,0
2025-06-25,P012,152,0
2025-06-26,P012,254,1
2025-06-27,P012,217,0
2025-06-28,P012,232,0
2025-06-29,P012,244,0
2025-01-01,P013,31,1
2025-01-02,P013,31,0
2025-01-03,P013,28,0
2025-01-04,P013,44,0
2025-01-05,P013,36,0
2025-01-06,P013,42,0
2025-01-07,P013,55,0
2025-01-08,P013,41,0
2025-01-09,P013,47,0
2025-01-10,P013,30,0
2025-01-11,P013,51,0
2025-01-12,P013,47,0
2025-01-13,P013,45,0
2025-01-14,P013,44,0
2025-01-15,P013,35,0
2025-01-16,P013,47,0
2025-01-17,P013,41,0
2025-01-18,P013,44,0
2025-01-19,P013,43,0
2025-01-20,P013,39,0
2025-01-21,P013,53,0
2025-01-22,P013,37,0
2025-01-23,P013,64,0
2025-01-24,P013,40,0
2025-01-25,P013,53,0
2025-01-26,P013,48,0
2025-01-27,P013,51,0
2025-01-28,P013,48,0
2025-01-29,P013,55,0
2025-01-30,P013,46,0
2025-01-31,P013,59,1
2025-02-01,P013,63,0
2025-02-02,P013,80,1
2025-02-03,P013,65,0
2025-02-04,P013,68,0
2025-02-05,P013,74,0
2025-02-06,P013,72,0
2025-02-07,P013,75,0
2025-02-08,P013,88,0
2025-02-09,P013,67,0
2025-02-10,P013,62,0
2025-02-11,P013,64,0
2025-02-12,P013,76,0
2025-02-13,P013,71,0
2025-02-14,P013,70,0
2025-02-15,P013,81,0
2025-02-16,P013,104,1
2025-02-17,P013,64,0
2025-02-18,P013,64,0
2025-02-19,P013,62,0
2025-02-20,P013,79,1
2025-02-21,P013,77,0
2025-02-22,P013,79,0
2025-02-23,P013,104,1
2025-02-24,P013,72,1
2025-02-25,P013,75,0
2025-02-26,P013,77,0
2025-02-27,P013,69,0
2025-02-28,P013,79,0
2025-03-01,P013,86,0
2025-03-02,P013,88,0
2025-03-03,P013,77,0
2025-03-04,P013,99,0
2025-03-05,P013,109,1
2025-03-06,P013,98,0
2025-03-07,P013,84,0
2025-03-08,P013,123,0
2025-03-09,P013,145,0
2025-03-10,P013,114,0
2025-03-11,P013,107,0
2025-03-12,P013,80,0
2025-03-13,P013,110,0
2025-03-14,P013,83,0
2025-03-15,P013,119,0
2025-03-16,P013,113,0
2025-03-17,P013,75,0
2025-03-18,P013,100,0
2025-03-19,P013,104,0
2025-03-20,P013,93,0
2025-03-21,P013,92,0
2025-03-22,P013,110,0
2025-03-23,P013,108,0
2025-03-24,P013,85,0
2025-03-25,P013,79,0
2025-03-26,P013,84,0
2025-03-27,P013,106,0
2025-03-28,P013,109,0
2025-03-29,P013,149,1
2025-03-30,P013,119,0
2025-03-31,P013,107,0
2025-04-01,P013,118,0
2025-04-02,P013,113,0
2025-04-03,P013,112,0
2025-04-04,P013,129,0
2025-04-05,P013,127,0
2025-04-06,P013,151,0
2025-04-07,P013,134,0
2025-04-08,P013,116,0
2025-04-09,P013,170,1
2025-04-10,P013,142,0
2025-04-11,P013,130,0
2025-04-12,P013,164,0
2025-04-13,P013,165,0
2025-04-14,P013,146,1
2025-04-15,P013,132,0
2025-04-16,P013,135,0
2025-04-17,P013,113,0
2025-04-18,P013,114,0
2025-04-19,P013,137,0
2025-04-20,P013,122,0
2025-04-21,P013,111,0
2025-04-22,P013,111,0
2025-04-23,P013,122,0
2025-04-24,P013,114,0
2025-04-25,P013,104,0
2025-04-26,P013,126,0
2025-04-27,P013,136,0
2025-04-28,P013,113,0
2025-04-29,P013,132,0
2025-04-30,P013,113,0
2025-05-01,P013,143,0
2025-05-02,P013,131,0
2025-05-03,P013,152,0
2025-05-04,P013,169,0
2025-05-05,P013,154,0
2025-05-06,P013,136,0
2025-05-07,P013,171,0
2025-05-08,P013,167,0
2025-05-09,P013,177,0
2025-05-10,P013,211,0
2025-05-11,P013,217,1
2025-05-12,P013,189,1
2025-05-13,P013,170,0
2025-05-14,P013,138,0
2025-05-15,P013,151,0
2025-05-16,P013,159,0
2025-05-17,P013,156,0
2025-05-18,P013,166,0
2025-05-19,P013,165,1
2025-05-20,P013,100,0
2025-05-21,P013,134,0
2025-05-22,P013,130,0
2025-05-23,P013,128,0
2025-05-24,P013,164,0
2025-05-25,P013,169,0
2025-05-26,P013,144,0
2025-05-27,P013,151,0
2025-05-28,P013,136,0
2025-05-29,P013,135,0
2025-05-30,P013,167,0
2025-05-31,P013,211,0
2025-06-01,P013,185,0
2025-06-02,P013,162,0
2025-06-03,P013,188,0
2025-06-04,P013,207,1
2025-06-05,P013,168,0
2025-06-06,P013,186,0
2025-06-07,P013,225,0
2025-06-08,P013,248,0
2025-06-09,P013,217,0
2025-06-10,P013,230,0
2025-06-11,P013,173,0
2025-06-12,P013,201,0
2025-06-13,P013,184,0
2025-06-14,P013,215,0
2025-06-15,P013,194,0
2025-06-16,P013,170,0
2025-06-17,P013,143,0
2025-06-18,P013,167,0
2025-06-19,P013,186,0
2025-06-20,P013,150,0
2025-06-21,P013,189,0
2025-06-22,P013,179,0
2025-06-23,P013,175,1
2025-06-24,P013,132,0
2025-06-25,P013,140,0
2025-06-26,P013,166,0
2025-06-27,P013,154,0
2025-06-28,P013,206,0
2025-06-29,P013,218,0
2025-01-01,P014,35,0
2025-01-02,P014,31,0
2025-01-03,P014,28,0
2025-01-04,P014,23,0
2025-01-05,P014,35,0
2025-01-06,P014,31,0
2025-01-07,P014,42,0
2025-01-08,P014,46,0
2025-01-09,P014,44,0
2025-01-10,P014,40,1
2025-01-11,P014,43,0
2025-01-12,P014,39,0
2025-01-13,P014,32,1
2025-01-14,P014,32,0
2025-01-15,P014,22,0
2025-01-16,P014,43,1
2025-01-17,P014,46,0
2025-01-18,P014,42,0
2025-01-19,P014,38,0
2025-01-20,P014,25,0
2025-01-21,P014,37,0
2025-01-22,P014,24,0
2025-01-23,P014,28,0
2025-01-24,P014,32,0
2025-01-25,P014,43,0
2025-01-26,P014,33,0
2025-01-27,P014,35,0
2025-01-28,P014,28,0
2025-01-29,P014,31,0
2025-01-30,P014,26,0
2025-01-31,P014,36,0
2025-02-01,P014,41,0
2025-02-02,P014,40,0
2025-02-03,P014,45,0
2025-02-04,P014,32,0
2025-02-05,P014,38,0
2025-02-06,P014,33,0
2025-02-07,P014,42,0
2025-02-08,P014,65,1
2025-02-09,P014,46,0
2025-02-10,P014,44,0
2025-02-11,P014,37,0
2025-02-12,P014,28,0
2025-02-13,P014,32,0
2025-02-14,P014,41,0
2025-02-15,P014,40,0
2025-02-16,P014,42,0
2025-02-17,P014,27,0
2025-02-18,P014,43,1
2025-02-19,P014,27,0
2025-02-20,P014,29,0
2025-02-21,P014,29,0
2025-02-22,P014,31,0
2025-02-23,P014,36,0
2025-02-24,P014,28,0
2025-02-25,P014,22,0
2025-02-26,P014,28,0
2025-02-27,P014,25,0
2025-02-28,P014,22,0
2025-03-01,P014,34,0
2025-03-02,P014,37,0
2025-03-03,P014,33,0
2025-03-04,P014,32,0
2025-03-05,P014,31,0
2025-03-06,P014,41,0
2025-03-07,P014,42,0
2025-03-08,P014,48,0
2025-03-09,P014,50,0
2025-03-10,P014,54,1
2025-03-11,P014,31,0
2025-03-12,P014,28,0
2025-03-13,P014,46,0
2025-03-14,P014,36,0
2025-03-15,P014,41,0
2025-03-16,P014,49,1
2025-03-17,P014,27,0
2025-03-18,P014,34,0
2025-03-19,P014,53,1
2025-03-20,P014,26,0
2025-03-21,P014,26,0
2025-03-22,P014,45,0
2025-03-23,P014,32,0
2025-03-24,P014,32,0
2025-03-25,P014,26,1
2025-03-26,P014,23,0
2025-03-27,P014,24,0
2025-03-28,P014,38,0
2025-03-29,P014,31,0
2025-03-30,P014,50,0
2025-03-31,P014,37,0
2025-04-01,P014,45,1
2025-04-02,P014,37,0
2025-04-03,P014,38,0
2025-04-04,P014,47,1
2025-04-05,P014,53,1
2025-04-06,P014,41,0
2025-04-07,P014,31,0
2025-04-08,P014,42,0
2025-04-09,P014,40,1
2025-04-10,P014,52,1
2025-04-11,P014,32,0
2025-04-12,P014,46,0
2025-04-13,P014,36,0
2025-04-14,P014,33,0
2025-04-15,P014,34,0
2025-04-16,P014,32,0
2025-04-17,P014,40,1
2025-04-18,P014,29,0
2025-04-19,P014,43,0
2025-04-20,P014,42,0
2025-04-21,P014,35,0
2025-04-22,P014,35,0
2025-04-23,P014,32,0
2025-04-24,P014,25,0
2025-04-25,P014,30,0
2025-04-26,P014,32,0
2025-04-27,P014,24,0
2025-04-28,P014,32,0
2025-04-29,P014,41,0
2025-04-30,P014,23,0
2025-05-01,P014,39,0
2025-05-02,P014,33,0
2025-05-03,P014,38,0
2025-05-04,P014,37,0
2025-05-05,P014,36,0
2025-05-06,P014,40,0
2025-05-07,P014,52,0
2025-05-08,P014,48,0
2025-05-09,P014,42,0
2025-05-10,P014,54,0
2025-05-11,P014,56,0
2025-05-12,P014,35,0
2025-05-13,P014,41,1
2025-05-14,P014,39,0
2025-05-15,P014,38,1
2025-05-16,P014,47,1
2025-05-17,P014,38,0
2025-05-18,P014,33,0
2025-05-19,P014,47,0
2025-05-20,P014,30,0
2025-05-21,P014,21,1
2025-05-22,P014,31,0
2025-05-23,P014,25,0
2025-05-24,P014,40,0
2025-05-25,P014,24,0
2025-05-26,P014,19,0
2025-05-27,P014,31,1
2025-05-28,P014,33,0
2025-05-29,P014,33,0
2025-05-30,P014,37,0
2025-05-31,P014,50,0
2025-06-01,P014,37,0
2025-06-02,P014,54,0
2025-06-03,P014,58,1
2025-06-04,P014,36,0
2025-06-05,P014,40,0
2025-06-06,P014,36,0
2025-06-07,P014,42,0
2025-06-08,P014,49,0
2025-06-09,P014,50,0
2025-06-10,P014,45,0
2025-06-11,P014,46,0
2025-06-12,P014,33,0
2025-06-13,P014,42,0
2025-06-14,P014,38,0
2025-06-15,P014,60,1
2025-06-16,P014,40,0
2025-06-17,P014,38,0
2025-06-18,P014,25,0
2025-06-19,P014,39,0
2025-06-20,P014,47,1
2025-06-21,P014,50,1
2025-06-22,P014,38,0
2025-06-23,P014,28,0
2025-06-24,P014,19,0
2025-06-25,P014,44,1
2025-06-26,P014,33,0
2025-06-27,P014,31,0
2025-06-28,P014,40,0
2025-06-29,P014,52,0
2025-01-01,P015,21,0
2025-01-02,P015,7,0
2025-01-03,P015,28,1
2025-01-04,P015,25,0
2025-01-05,P015,27,0
2025-01-06,P015,16,0
2025-01-07,P015,19,1
2025-01-08,P015,21,0
2025-01-09,P015,21,0
2025-01-10,P015,27,0
2025-01-11,P015,22,0
2025-01-12,P015,25,0
2025-01-13,P015,19,0
2025-01-14,P015,18,0
2025-01-15,P015,23,0
2025-01-16,P015,22,0
2025-01-17,P015,9,0
2025-01-18,P015,14,0
2025-01-19,P015,26,0
2025-01-20,P015,18,0
2025-01-21,P015,18,0
2025-01-22,P015,17,0
2025-01-23,P015,15,0
2025-01-24,P015,19,0
2025-01-25,P015,20,0
2025-01-26,P015,15,0
2025-01-27,P015,20,0
2025-01-28,P015,22,0
2025-01-29,P015,14,0
2025-01-30,P015,19,0
2025-01-31,P015,18,0
2025-02-01,P015,29,0
2025-02-02,P015,25,1
2025-02-03,P015,29,0
2025-02-04,P015,19,0
2025-02-05,P015,26,0
2025-02-06,P015,16,0
2025-02-07,P015,18,0
2025-02-08,P015,26,0
2025-02-09,P015,23,1
2025-02-10,P015,17,0
2025-02-11,P015,20,0
2025-02-12,P015,20,0
2025-02-13,P015,27,0
2025-02-14,P015,24,0
2025-02-15,P015,21,0
2025-02-16,P015,24,0
2025-02-17,P015,23,0
2025-02-18,P015,21,0
2025-02-19,P015,20,0
2025-02-20,P015,23,0
2025-02-21,P015,19,0
2025-02-22,P015,23,0
2025-02-23,P015,26,0
2025-02-24,P015,17,0
2025-02-25,P015,18,0
2025-02-26,P015,21,0
2025-02-27,P015,20,0
2025-02-28,P015,20,0
2025-03-01,P015,20,0
2025-03-02,P015,29,0
2025-03-03,P015,18,0
2025-03-04,P015,29,0
2025-03-05,P015,22,0
2025-03-06,P015,25,0
2025-03-07,P015,25,0
2025-03-08,P015,33,0
2025-03-09,P015,28,1
2025-03-10,P015,33,0
2025-03-11,P015,18,0
2025-03-12,P015,23,0
2025-03-13,P015,30,1
2025-03-14,P015,23,0
2025-03-15,P015,41,1
2025-03-16,P015,32,0
2025-03-17,P015,22,0
2025-03-18,P015,17,0
2025-03-19,P015,28,0
2025-03-20,P015,22,0
2025-03-21,P015,32,0
2025-03-22,P015,26,0
2025-03-23,P015,15,0
2025-03-24,P015,12,0
2025-03-25,P015,18,0
2025-03-26,P015,22,0
2025-03-27,P015,23,1
2025-03-28,P015,26,1
2025-03-29,P015,28,0
2025-03-30,P015,24,0
2025-03-31,P015,27,0
2025-04-01,P015,19,0
2025-04-02,P015,25,0
2025-04-03,P015,22,0
2025-04-04,P015,30,0
2025-04-05,P015,36,0
2025-04-06,P015,28,0
2025-04-07,P015,28,0
2025-04-08,P015,28,0
2025-04-09,P015,24,0
2025-04-10,P015,33,0
2025-04-11,P015,31,0
2025-04-12,P015,33,0
2025-04-13,P015,23,0
2025-04-14,P015,28,0
2025-04-15,P015,32,0
2025-04-16,P015,27,0
2025-04-17,P015,31,0
2025-04-18,P015,23,0
2025-04-19,P015,28,0
2025-04-20,P015,25,1
2025-04-21,P015,29,0
2025-04-22,P015,18,0
2025-04-23,P015,27,0
2025-04-24,P015,20,0
2025-04-25,P015,18,0
2025-04-26,P015,30,0
2025-04-27,P015,26,0
2025-04-28,P015,30,1
2025-04-29,P015,36,0
2025-04-30,P015,44,0
2025-05-01,P015,20,0
2025-05-02,P015,25,0
2025-05-03,P015,47,0
2025-05-04,P015,34,0
2025-05-05,P015,33,0
2025-05-06,P015,29,0
2025-05-07,P015,36,0
2025-05-08,P015,35,0
2025-05-09,P015,35,0
2025-05-10,P015,35,0
2025-05-11,P015,39,0
2025-05-12,P015,38,0
2025-05-13,P015,33,0
2025-05-14,P015,25,0
2025-05-15,P015,30,0
2025-05-16,P015,28,0
2025-05-17,P015,31,0
2025-05-18,P015,38,0
2025-05-19,P015,19,0
2025-05-20,P015,25,0
2025-05-21,P015,20,0
2025-05-22,P015,32,1
2025-05-23,P015,21,0
2025-05-24,P015,40,0
2025-05-25,P015,30,1
2025-05-26,P015,21,0
2025-05-27,P015,21,0
2025-05-28,P015,20,0
2025-05-29,P015,28,1
2025-05-30,P015,21,0
2025-05-31,P015,39,1
2025-06-01,P015,36,0
2025-06-02,P015,32,1
2025-06-03,P015,36,0
2025-06-04,P015,21,0
2025-06-05,P015,41,1
2025-06-06,P015,32,0
2025-06-07,P015,52,1
2025-06-08,P015,40,0
2025-06-09,P015,28,0
2025-06-10,P015,26,0
2025-06-11,P015,33,0
2025-06-12,P015,33,0
2025-06-13,P015,41,0
2025-06-14,P015,40,0
2025-06-15,P015,36,0
2025-06-16,P015,22,0
2025-06-17,P015,37,0
2025-06-18,P015,36,0
2025-06-19,P015,19,0
2025-06-20,P015,31,0
2025-06-21,P015,22,0
2025-06-22,P015,24,0
2025-06-23,P015,23,1
2025-06-24,P015,33,0
2025-06-25,P015,34,0
2025-06-26,P015,21,0
2025-06-27,P015,28,0
2025-06-28,P015,33,0
2025-06-29,P015,34,0
2025-01-01,P016,30,0
2025-01-02,P016,34,0
2025-01-03,P016,25,0
2025-01-04,P016,49,1
2025-01-05,P016,36,0
2025-01-06,P016,35,0
2025-01-07,P016,43,1
2025-01-08,P016,35,0
2025-01-09,P016,56,1
2025-01-10,P016,36,0
2025-01-11,P016,48,0
2025-01-12,P016,55,0
2025-01-13,P016,42,0
2025-01-14,P016,37,0
2025-01-15,P016,43,0
2025-01-16,P016,44,0
2025-01-17,P016,28,0
2025-01-18,P016,36,0
2025-01-19,P016,39,1
2025-01-20,P016,31,0
2025-01-21,P016,41,0
2025-01-22,P016,48,0
2025-01-23,P016,43,0
2025-01-24,P016,31,0
2025-01-25,P016,45,0
2025-01-26,P016,36,0
2025-01-27,P016,30,0
2025-01-28,P016,34,0
2025-01-29,P016,36,0
2025-01-30,P016,50,0
2025-01-31,P016,55,0
2025-02-01,P016,53,0
2025-02-02,P016,48,0
2025-02-03,P016,63,1
2025-02-04,P016,38,0
2025-02-05,P016,57,0
2025-02-06,P016,58,0
2025-02-07,P016,64,0
2025-02-08,P016,80,0
2025-02-09,P016,94,1
2025-02-10,P016,61,0
2025-02-11,P016,55,0
2025-02-12,P016,55,0
2025-02-13,P016,53,0
2025-02-14,P016,52,1
2025-02-15,P016,78,1
2025-02-16,P016,66,0
2025-02-17,P016,48,0
2025-02-18,P016,37,0
2025-02-19,P016,31,0
2025-02-20,P016,39,0
2025-02-21,P016,51,0
2025-02-22,P016,59,0
2025-02-23,P016,73,0
2025-02-24,P016,40,0
2025-02-25,P016,62,0
2025-02-26,P016,54,0
2025-02-27,P016,54,0
2025-02-28,P016,34,0
2025-03-01,P016,57,0
2025-03-02,P016,68,0
2025-03-03,P016,55,0
2025-03-04,P016,58,0
2025-03-05,P016,56,0
2025-03-06,P016,63,0
2025-03-07,P016,67,0
2025-03-08,P016,80,0
2025-03-09,P016,81,0
2025-03-10,P016,60,0
2025-03-11,P016,64,0
2025-03-12,P016,65,0
2025-03-13,P016,56,0
2025-03-14,P016,71,0
2025-03-15,P016,67,0
2025-03-16,P016,77,0
2025-03-17,P016,78,0
2025-03-18,P016,62,0
2025-03-19,P016,54,0
2025-03-20,P016,60,0
2025-03-21,P016,72,0
2025-03-22,P016,61,0
2025-03-23,P016,73,1
2025-03-24,P016,79,1
2025-03-25,P016,64,0
2025-03-26,P016,54,0
2025-03-27,P016,52,0
2025-03-28,P016,67,0
2025-03-29,P016,83,0
2025-03-30,P016,91,1
2025-03-31,P016,55,0
2025-04-01,P016,78,0
2025-04-02,P016,90,0
2025-04-03,P016,68,0
2025-04-04,P016,83,0
2025-04-05,P016,118,0
2025-04-06,P016,115,0
2025-04-07,P016,74,0
2025-04-08,P016,84,0
2025-04-09,P016,84,0
2025-04-10,P016,91,0
2025-04-11,P016,99,1
2025-04-12,P016,99,0
2025-04-13,P016,88,0
2025-04-14,P016,90,0
2025-04-15,P016,89,0
2025-04-16,P016,78,0
2025-04-17,P016,73,0
2025-04-18,P016,82,0
2025-04-19,P016,70,0
2025-04-20,P016,78,0
2025-04-21,P016,62,0
2025-04-22,P016,61,0
2025-04-23,P016,73,0
2025-04-24,P016,79,0
2025-04-25,P016,93,1
2025-04-26,P016,76,0
2025-04-27,P016,79,0
2025-04-28,P016,75,0
2025-04-29,P016,93,0
2025-04-30,P016,73,0
2025-05-01,P016,68,0
2025-05-02,P016,89,0
2025-05-03,P016,108,0
2025-05-04,P016,103,0
2025-05-05,P016,103,0
2025-05-06,P016,83,0
2025-05-07,P016,100,0
2025-05-08,P016,105,0
2025-05-09,P016,89,0
2025-05-10,P016,117,0
2025-05-11,P016,146,0
2025-05-12,P016,111,0
2025-05-13,P016,99,0
2025-05-14,P016,93,0
2025-05-15,P016,84,0
2025-05-16,P016,91,0
2025-05-17,P016,106,0
2025-05-18,P016,86,0
2025-05-19,P016,77,0
2025-05-20,P016,78,0
2025-05-21,P016,80,0
2025-05-22,P016,83,0
2025-05-23,P016,77,0
2025-05-24,P016,89,0
2025-05-25,P016,87,0
2025-05-26,P016,86,0
2025-05-27,P016,101,1
2025-05-28,P016,91,0
2025-05-29,P016,87,0
2025-05-30,P016,117,0
2025-05-31,P016,113,0
2025-06-01,P016,140,0
2025-06-02,P016,112,0
2025-06-03,P016,101,0
2025-06-04,P016,100,0
2025-06-05,P016,100,0
2025-06-06,P016,113,0
2025-06-07,P016,146,0
2025-06-08,P016,142,0
2025-06-09,P016,116,0
2025-06-10,P016,123,0
2025-06-11,P016,138,0
2025-06-12,P016,140,1
2025-06-13,P016,110,0
2025-06-14,P016,129,0
2025-06-15,P016,122,0
2025-06-16,P016,96,0
2025-06-17,P016,86,0
2025-06-18,P016,120,1
2025-06-19,P016,84,0
2025-06-20,P016,87,0
2025-06-21,P016,99,0
2025-06-22,P016,138,1
2025-06-23,P016,85,0
2025-06-24,P016,95,0
2025-06-25,P016,79,0
2025-06-26,P016,91,0
2025-06-27,P016,86,0
2025-06-28,P016,117,0
2025-06-29,P016,121,0
2025-01-01,P017,39,0
2025-01-02,P017,39,0
2025-01-03,P017,39,0
2025-01-04,P017,41,0
2025-01-05,P017,36,0
2025-01-06,P017,40,0
2025-01-07,P017,38,0
2025-01-08,P017,39,0
2025-01-09,P017,33,0
2025-01-10,P017,35,1
2025-01-11,P017,49,0
2025-01-12,P017,58,0
2025-01-13,P017,44,0
2025-01-14,P017,33,0
2025-01-15,P017,28,0
2025-01-16,P017,41,0
2025-01-17,P017,30,0
2025-01-18,P017,48,0
2025-01-19,P017,43,0
2025-01-20,P017,28,0
2025-01-21,P017,31,0
2025-01-22,P017,28,0
2025-01-23,P017,32,1
2025-01-24,P017,30,0
2025-01-25,P017,22,0
2025-01-26,P017,42,1
2025-01-27,P017,41,1
2025-01-28,P017,33,0
2025-01-29,P017,37,0
2025-01-30,P017,36,0
2025-01-31,P017,37,0
2025-02-01,P017,53,1
2025-02-02,P017,47,0
2025-02-03,P017,40,0
2025-02-04,P017,49,0
2025-02-05,P017,44,0
2025-02-06,P017,43,1
2025-02-07,P017,36,0
2025-02-08,P017,43,0
2025-02-09,P017,51,0
2025-02-10,P017,32,0
2025-02-11,P017,37,0
2025-02-12,P017,38,1
2025-02-13,P017,49,0
2025-02-14,P017,35,0
2025-02-15,P017,35,0
2025-02-16,P017,47,0
2025-02-17,P017,26,0
2025-02-18,P017,35,0
2025-02-19,P017,44,1
2025-02-20,P017,39,0
2025-02-21,P017,32,0
2025-02-22,P017,40,0
2025-02-23,P017,46,0
2025-02-24,P017,42,1
2025-02-25,P017,37,0
2025-02-26,P017,29,0
2025-02-27,P017,30,0
2025-02-28,P017,41,0
2025-03-01,P017,52,0
2025-03-02,P017,51,0
2025-03-03,P017,47,1
2025-03-04,P017,40,0
2025-03-05,P017,34,0
2025-03-06,P017,55,0
2025-03-07,P017,47,0
2025-03-08,P017,45,0
2025-03-09,P017,50,0
2025-03-10,P017,45,0
2025-03-11,P017,35,0
2025-03-12,P017,32,0
2025-03-13,P017,37,1
2025-03-14,P017,41,0
2025-03-15,P017,43,0
2025-03-16,P017,43,0
2025-03-17,P017,39,0
2025-03-18,P017,35,0
2025-03-19,P017,30,0
2025-03-20,P017,26,0
2025-03-21,P017,43,0
2025-03-22,P017,37,0
2025-03-23,P017,31,0
2025-03-24,P017,37,0
2025-03-25,P017,33,0
2025-03-26,P017,36,1
2025-03-27,P017,17,0
2025-03-28,P017,33,0
2025-03-29,P017,35,0
2025-03-30,P017,45,0
2025-03-31,P017,46,0
2025-04-01,P017,32,0
2025-04-02,P017,37,0
2025-04-03,P017,38,0
2025-04-04,P017,49,0
2025-04-05,P017,55,0
2025-04-06,P017,50,0
2025-04-07,P017,42,0
2025-04-08,P017,43,0
2025-04-09,P017,39,0
2025-04-10,P017,48,0
2025-04-11,P017,42,0
2025-04-12,P017,50,1
2025-04-13,P017,50,0
2025-04-14,P017,32,0
2025-04-15,P017,50,1
2025-04-16,P017,29,0
2025-04-17,P017,43,0
2025-04-18,P017,59,0
2025-04-19,P017,50,0
2025-04-20,P017,37,0
2025-04-21,P017,42,1
2025-04-22,P017,30,0
2025-04-23,P017,48,0
2025-04-24,P017,27,1
2025-04-25,P017,26,0
2025-04-26,P017,41,0
2025-04-27,P017,40,0
2025-04-28,P017,36,0
2025-04-29,P017,29,0
2025-04-30,P017,35,0
2025-05-01,P017,45,0
2025-05-02,P017,28,0
2025-05-03,P017,48,0
2025-05-04,P017,50,0
2025-05-05,P017,49,0
2025-05-06,P017,51,0
2025-05-07,P017,35,0
2025-05-08,P017,44,1
2025-05-09,P017,61,0
2025-05-10,P017,47,0
2025-05-11,P017,47,0
2025-05-12,P017,46,0
2025-05-13,P017,50,0
2025-05-14,P017,33,0
2025-05-15,P017,48,0
2025-05-16,P017,41,1
2025-05-17,P017,39,0
2025-05-18,P017,50,0
2025-05-19,P017,43,0
2025-05-20,P017,45,0
2025-05-21,P017,36,1
2025-05-22,P017,31,0
2025-05-23,P017,31,0
2025-05-24,P017,49,0
2025-05-25,P017,33,0
2025-05-26,P017,35,0
2025-05-27,P017,30,0
2025-05-28,P017,31,0
2025-05-29,P017,52,1
2025-05-30,P017,33,0
2025-05-31,P017,49,0
2025-06-01,P017,59,0
2025-06-02,P017,39,0
2025-06-03,P017,43,0
2025-06-04,P017,56,0
2025-06-05,P017,47,0
2025-06-06,P017,49,0
2025-06-07,P017,58,0
2025-06-08,P017,50,0
2025-06-09,P017,50,0
2025-06-10,P017,52,0
2025-06-11,P017,50,0
2025-06-12,P017,39,0
2025-06-13,P017,39,0
2025-06-14,P017,43,0
2025-06-15,P017,69,0
2025-06-16,P017,33,0
2025-06-17,P017,45,1
2025-06-18,P017,42,0
2025-06-19,P017,35,0
2025-06-20,P017,34,0
2025-06-21,P017,46,0
2025-06-22,P017,49,0
2025-06-23,P017,45,0
2025-06-24,P017,49,0
2025-06-25,P017,33,0
2025-06-26,P017,38,0
2025-06-27,P017,38,0
2025-06-28,P017,51,0
2025-06-29,P017,52,0
2025-01-01,P018,30,0
2025-01-02,P018,28,0
2025-01-03,P018,32,0
2025-01-04,P018,44,1
2025-01-05,P018,46,0
2025-01-06,P018,25,0
2025-01-07,P018,36,0
2025-01-08,P018,37,0
2025-01-09,P018,53,1
2025-01-10,P018,35,1
2025-01-11,P018,38,1
2025-01-12,P018,50,0
2025-01-13,P018,39,0
2025-01-14,P018,38,0
2025-01-15,P018,34,0
2025-01-16,P018,37,1
2025-01-17,P018,47,0
2025-01-18,P018,34,0
2025-01-19,P018,37,0
2025-01-20,P018,23,0
2025-01-21,P018,34,0
2025-01-22,P018,22,0
2025-01-23,P018,25,0
2025-01-24,P018,31,0
2025-01-25,P018,48,1
2025-01-26,P018,34,0
2025-01-27,P018,27,0
2025-01-28,P018,18,0
2025-01-29,P018,30,0
2025-01-30,P018,35,0
2025-01-31,P018,26,0
2025-02-01,P018,46,0
2025-02-02,P018,39,0
2025-02-03,P018,32,0
2025-02-04,P018,33,0
2025-02-05,P018,48,0
2025-02-06,P018,37,0
2025-02-07,P018,31,0
2025-02-08,P018,32,0
2025-02-09,P018,46,1
2025-02-10,P018,22,0
2025-02-11,P018,30,0
2025-02-12,P018,33,0
2025-02-13,P018,32,0
2025-02-14,P018,36,1
2025-02-15,P018,38,0
2025-02-16,P018,38,0
2025-02-17,P018,29,0
2025-02-18,P018,24,1
2025-02-19,P018,24,0
2025-02-20,P018,35,0
2025-02-21,P018,20,0
2025-02-22,P018,36,0
2025-02-23,P018,23,0
2025-02-24,P018,22,0
2025-02-25,P018,20,0
2025-02-26,P018,33,1
2025-02-27,P018,26,0
2025-02-28,P018,28,0
2025-03-01,P018,28,0
2025-03-02,P018,30,0
2025-03-03,P018,23,0
2025-03-04,P018,21,0
2025-03-05,P018,31,0
2025-03-06,P018,25,0
2025-03-07,P018,41,1
2025-03-08,P018,38,0
2025-03-09,P018,45,1
2025-03-10,P018,39,0
2025-03-11,P018,24,0
2025-03-12,P018,32,1
2025-03-13,P018,23,0
2025-03-14,P018,26,1
2025-03-15,P018,40,0
2025-03-16,P018,27,1
2025-03-17,P018,28,0
2025-03-18,P018,19,0
2025-03-19,P018,21,0
2025-03-20,P018,26,0
2025-03-21,P018,28,0
2025-03-22,P018,23,0
2025-03-23,P018,25,0
2025-03-24,P018,21,0
2025-03-25,P018,23,0
2025-03-26,P018,21,0
2025-03-27,P018,19,0
2025-03-28,P018,12,0
2025-03-29,P018,22,0
2025-03-30,P018,33,1
2025-03-31,P018,30,0
2025-04-01,P018,33,1
2025-04-02,P018,28,0
2025-04-03,P018,25,0
2025-04-04,P018,37,0
2025-04-05,P018,27,0
2025-04-06,P018,39,0
2025-04-07,P018,31,0
2025-04-08,P018,23,0
2025-04-09,P018,31,0
2025-04-10,P018,32,0
2025-04-11,P018,24,0
2025-04-12,P018,44,0
2025-04-13,P018,22,0
2025-04-14,P018,34,0
2025-04-15,P018,21,0
2025-04-16,P018,24,0
2025-04-17,P018,30,0
2025-04-18,P018,21,0
2025-04-19,P018,15,0
2025-04-20,P018,21,0
2025-04-21,P018,17,0
2025-04-22,P018,13,0
2025-04-23,P018,16,0
2025-04-24,P018,15,0
2025-04-25,P018,16,0
2025-04-26,P018,16,0
2025-04-27,P018,27,1
2025-04-28,P018,15,0
2025-04-29,P018,19,0
2025-04-30,P018,23,0
2025-05-01,P018,14,0
2025-05-02,P018,24,0
2025-05-03,P018,29,0
2025-05-04,P018,29,0
2025-05-05,P018,28,0
2025-05-06,P018,34,0
2025-05-07,P018,25,0
2025-05-08,P018,24,0
2025-05-09,P018,23,0
2025-05-10,P018,30,0
2025-05-11,P018,19,0
2025-05-12,P018,32,0
2025-05-13,P018,21,0
2025-05-14,P018,18,0
2025-05-15,P018,22,0
2025-05-16,P018,17,0
2025-05-17,P018,21,0
2025-05-18,P018,28,0
2025-05-19,P018,23,0
2025-05-20,P018,20,0
2025-05-21,P018,19,0
2025-05-22,P018,11,0
2025-05-23,P018,21,0
2025-05-24,P018,16,0
2025-05-25,P018,22,1
2025-05-26,P018,14,0
2025-05-27,P018,21,1
2025-05-28,P018,13,1
2025-05-29,P018,19,0
2025-05-30,P018,18,0
2025-05-31,P018,29,0
2025-06-01,P018,15,0
2025-06-02,P018,21,0
2025-06-03,P018,19,1
2025-06-04,P018,25,0
2025-06-05,P018,25,0
2025-06-06,P018,20,0
2025-06-07,P018,28,0
2025-06-08,P018,17,0
2025-06-09,P018,26,0
2025-06-10,P018,19,0
2025-06-11,P018,14,0
2025-06-12,P018,16,0
2025-06-13,P018,17,0
2025-06-14,P018,20,0
2025-06-15,P018,22,0
2025-06-16,P018,23,0
2025-06-17,P018,16,0
2025-06-18,P018,12,0
2025-06-19,P018,17,0
2025-06-20,P018,12,0
2025-06-21,P018,19,0
2025-06-22,P018,16,0
2025-06-23,P018,12,0
2025-06-24,P018,14,0
2025-06-25,P018,15,0
2025-06-26,P018,25,1
2025-06-27,P018,14,0
2025-06-28,P018,19,0
2025-06-29,P018,16,0
2025-01-01,P019,28,0
2025-01-02,P019,32,0
2025-01-03,P019,30,0
2025-01-04,P019,42,0
2025-01-05,P019,35,0
2025-01-06,P019,37,0
2025-01-07,P019,28,0
2025-01-08,P019,40,0
2025-01-09,P019,33,0
2025-01-10,P019,43,0
2025-01-11,P019,43,0
2025-01-12,P019,46,0
2025-01-13,P019,28,0
2025-01-14,P019,32,0
2025-01-15,P019,29,0
2025-01-16,P019,33,0
2025-01-17,P019,29,0
2025-01-18,P019,43,0
2025-01-19,P019,33,0
2025-01-20,P019,25,0
2025-01-21,P019,28,0
2025-01-22,P019,31,0
2025-01-23,P019,33,1
2025-01-24,P019,34,0
2025-01-25,P019,31,0
2025-01-26,P019,40,0
2025-01-27,P019,29,0
2025-01-28,P019,32,0
2025-01-29,P019,38,0
2025-01-30,P019,30,0
2025-01-31,P019,32,0
2025-02-01,P019,46,0
2025-02-02,P019,55,0
2025-02-03,P019,39,0
2025-02-04,P019,48,0
2025-02-05,P019,51,1
2025-02-06,P019,33,0
2025-02-07,P019,49,0
2025-02-08,P019,58,0
2025-02-09,P019,57,0
2025-02-10,P019,45,0
2025-02-11,P019,39,0
2025-02-12,P019,44,0
2025-02-13,P019,47,1
2025-02-14,P019,38,0
2025-02-15,P019,58,1
2025-02-16,P019,48,0
2025-02-17,P019,44,0
2025-02-18,P019,38,0
2025-02-19,P019,44,0
2025-02-20,P019,31,0
2025-02-21,P019,36,0
2025-02-22,P019,38,0
2025-02-23,P019,41,0
2025-02-24,P019,49,0
2025-02-25,P019,47,0
2025-02-26,P019,40,0
2025-02-27,P019,35,0
2025-02-28,P019,34,0
2025-03-01,P019,53,0
2025-03-02,P019,65,0
2025-03-03,P019,41,0
2025-03-04,P019,32,0
2025-03-05,P019,54,0
2025-03-06,P019,66,0
2025-03-07,P019,60,0
2025-03-08,P019,72,1
2025-03-09,P019,65,0
2025-03-10,P019,48,0
2025-03-11,P019,47,0
2025-03-12,P019,61,0
2025-03-13,P019,63,1
2025-03-14,P019,48,0
2025-03-15,P019,57,0
2025-03-16,P019,68,0
2025-03-17,P019,59,0
2025-03-18,P019,49,0
2025-03-19,P019,55,0
2025-03-20,P019,35,0
2025-03-21,P019,29,0
2025-03-22,P019,53,0
2025-03-23,P019,48,0
2025-03-24,P019,46,0
2025-03-25,P019,50,1
2025-03-26,P019,59,0
2025-03-27,P019,50,0
2025-03-28,P019,40,0
2025-03-29,P019,49,0
2025-03-30,P019,61,0
2025-03-31,P019,45,1
2025-04-01,P019,47,0
2025-04-02,P019,56,0
2025-04-03,P019,67,1
2025-04-04,P019,63,0
2025-04-05,P019,91,0
2025-04-06,P019,71,0
2025-04-07,P019,65,0
2025-04-08,P019,80,1
2025-04-09,P019,73,0
2025-04-10,P019,76,0
2025-04-11,P019,68,0
2025-04-12,P019,78,0
2025-04-13,P019,64,0
2025-04-14,P019,61,0
2025-04-15,P019,47,0
2025-04-16,P019,68,0
2025-04-17,P019,65,0
2025-04-18,P019,45,0
2025-04-19,P019,77,1
2025-04-20,P019,65,0
2025-04-21,P019,50,0
2025-04-22,P019,49,0
2025-04-23,P019,52,1
2025-04-24,P019,67,0
2025-04-25,P019,56,0
2025-04-26,P019,64,0
2025-04-27,P019,60,0
2025-04-28,P019,51,0
2025-04-29,P019,49,0
2025-04-30,P019,45,0
2025-05-01,P019,62,1
2025-05-02,P019,60,0
2025-05-03,P019,73,0
2025-05-04,P019,77,0
2025-05-05,P019,95,1
2025-05-06,P019,73,0
2025-05-07,P019,79,0
2025-05-08,P019,61,0
2025-05-09,P019,75,0
2025-05-10,P019,105,0
2025-05-11,P019,82,0
2025-05-12,P019,62,0
2025-05-13,P019,73,0
2025-05-14,P019,70,0
2025-05-15,P019,55,0
2025-05-16,P019,66,0
2025-05-17,P019,74,0
2025-05-18,P019,81,0
2025-05-19,P019,50,0
2025-05-20,P019,49,0
2025-05-21,P019,69,0
2025-05-22,P019,55,0
2025-05-23,P019,64,0
2025-05-24,P019,79,0
2025-05-25,P019,72,0
2025-05-26,P019,52,0
2025-05-27,P019,62,1
2025-05-28,P019,59,0
2025-05-29,P019,76,0
2025-05-30,P019,57,0
2025-05-31,P019,89,0
2025-06-01,P019,74,0
2025-06-02,P019,70,0
2025-06-03,P019,80,0
2025-06-04,P019,93,0
2025-06-05,P019,87,0
2025-06-06,P019,75,0
2025-06-07,P019,104,0
2025-06-08,P019,92,0
2025-06-09,P019,71,0
2025-06-10,P019,100,0
2025-06-11,P019,85,1
2025-06-12,P019,88,0
2025-06-13,P019,57,0
2025-06-14,P019,96,0
2025-06-15,P019,89,0
2025-06-16,P019,81,0
2025-06-17,P019,92,1
2025-06-18,P019,80,0
2025-06-19,P019,66,0
2025-06-20,P019,95,1
2025-06-21,P019,81,0
2025-06-22,P019,61,0
2025-06-23,P019,68,0
2025-06-24,P019,68,0
2025-06-25,P019,66,1
2025-06-26,P019,63,0
2025-06-27,P019,88,0
2025-06-28,P019,76,0
2025-06-29,P019,111,1
2025-01-01,P020,37,0
2025-01-02,P020,35,0
2025-01-03,P020,43,1
2025-01-04,P020,41,1
2025-01-05,P020,31,0
2025-01-06,P020,41,0
2025-01-07,P020,56,1
2025-01-08,P020,41,0
2025-01-09,P020,47,0
2025-01-10,P020,45,0
2025-01-11,P020,46,0
2025-01-12,P020,50,0
2025-01-13,P020,30,0
2025-01-14,P020,46,0
2025-01-15,P020,43,0
2025-01-16,P020,44,0
2025-01-17,P020,38,0
2025-01-18,P020,37,0
2025-01-19,P020,40,0
2025-01-20,P020,38,0
2025-01-21,P020,43,0
2025-01-22,P020,33,0
2025-01-23,P020,22,0
2025-01-24,P020,35,0
2025-01-25,P020,38,0
2025-01-26,P020,50,0
2025-01-27,P020,46,0
2025-01-28,P020,46,0
2025-01-29,P020,52,0
2025-01-30,P020,47,0
2025-01-31,P020,58,0
2025-02-01,P020,69,0
2025-02-02,P020,49,0
2025-02-03,P020,40,0
2025-02-04,P020,50,0
2025-02-05,P020,58,0
2025-02-06,P020,56,0
2025-02-07,P020,46,0
2025-02-08,P020,61,0
2025-02-09,P020,89,0
2025-02-10,P020,63,0
2025-02-11,P020,67,0
2025-02-12,P020,62,0
2025-02-13,P020,49,0
2025-02-14,P020,42,0
2025-02-15,P020,71,0
2025-02-16,P020,71,0
2025-02-17,P020,53,0
2025-02-18,P020,47,0
2025-02-19,P020,42,0
2025-02-20,P020,41,0
2025-02-21,P020,58,1
2025-02-22,P020,65,1
2025-02-23,P020,64,0
2025-02-24,P020,55,0
2025-02-25,P020,78,1
2025-02-26,P020,45,0
2025-02-27,P020,58,0
2025-02-28,P020,56,0
2025-03-01,P020,73,0
2025-03-02,P020,74,0
2025-03-03,P020,59,0
2025-03-04,P020,77,0
2025-03-05,P020,64,0
2025-03-06,P020,77,0
2025-03-07,P020,68,0
2025-03-08,P020,79,0
2025-03-09,P020,71,0
2025-03-10,P020,69,0
2025-03-11,P020,73,0
2025-03-12,P020,59,0
2025-03-13,P020,87,0
2025-03-14,P020,75,0
2025-03-15,P020,72,0
2025-03-16,P020,96,0
2025-03-17,P020,74,0
2025-03-18,P020,75,0
2025-03-19,P020,64,0
2025-03-20,P020,65,0
2025-03-21,P020,56,0
2025-03-22,P020,79,0
2025-03-23,P020,89,1
2025-03-24,P020,55,0
2025-03-25,P020,59,1
2025-03-26,P020,78,0
2025-03-27,P020,60,0
2025-03-28,P020,71,0
2025-03-29,P020,94,1
2025-03-30,P020,85,0
2025-03-31,P020,84,0
2025-04-01,P020,70,0
2025-04-02,P020,74,1
2025-04-03,P020,83,0
2025-04-04,P020,74,0
2025-04-05,P020,89,0
2025-04-06,P020,110,0
2025-04-07,P020,91,0
2025-04-08,P020,82,0
2025-04-09,P020,95,0
2025-04-10,P020,79,0
2025-04-11,P020,84,0
2025-04-12,P020,120,0
2025-04-13,P020,104,0
2025-04-14,P020,70,0
2025-04-15,P020,89,0
2025-04-16,P020,92,0
2025-04-17,P020,76,0
2025-04-18,P020,75,0
2025-04-19,P020,94,1
2025-04-20,P020,99,0
2025-04-21,P020,84,1
2025-04-22,P020,76,0
2025-04-23,P020,76,0
2025-04-24,P020,75,0
2025-04-25,P020,80,1
2025-04-26,P020,100,0
2025-04-27,P020,101,0
2025-04-28,P020,66,0
2025-04-29,P020,91,0
2025-04-30,P020,80,0
2025-05-01,P020,74,0
2025-05-02,P020,111,1
2025-05-03,P020,104,0
2025-05-04,P020,122,0
2025-05-05,P020,99,0
2025-05-06,P020,113,0
2025-05-07,P020,111,0
2025-05-08,P020,113,0
2025-05-09,P020,101,0
2025-05-10,P020,118,0
2025-05-11,P020,160,1
2025-05-12,P020,112,0
2025-05-13,P020,114,0
2025-05-14,P020,96,0
2025-05-15,P020,101,0
2025-05-16,P020,114,0
2025-05-17,P020,107,0
2025-05-18,P020,126,0
2025-05-19,P020,84,0
2025-05-20,P020,89,0
2025-05-21,P020,97,0
2025-05-22,P020,95,1
2025-05-23,P020,74,0
2025-05-24,P020,99,0
2025-05-25,P020,97,0
2025-05-26,P020,86,0
2025-05-27,P020,102,0
2025-05-28,P020,100,0
2025-05-29,P020,102,0
2025-05-30,P020,104,0
2025-05-31,P020,122,0
2025-06-01,P020,141,0
2025-06-02,P020,88,0
2025-06-03,P020,110,0
2025-06-04,P020,140,1
2025-06-05,P020,101,0
2025-06-06,P020,133,0
2025-06-07,P020,161,0
2025-06-08,P020,159,0
2025-06-09,P020,148,1
2025-06-10,P020,126,0
2025-06-11,P020,95,0
2025-06-12,P020,158,1
2025-06-13,P020,118,0
2025-06-14,P020,143,0
2025-06-15,P020,153,1
2025-06-16,P020,115,0
2025-06-17,P020,92,0
2025-06-18,P020,102,0
2025-06-19,P020,90,0
2025-06-20,P020,101,0
2025-06-21,P020,120,0
2025-06-22,P020,120,0
2025-06-23,P020,96,0
2025-06-24,P020,114,0
2025-06-25,P020,98,0
2025-06-26,P020,104,0
2025-06-27,P020,105,0
2025-06-28,P020,119,0
2025-06-29,P020,146,0
2025-01-01,P021,30,0
2025-01-02,P021,34,0
2025-01-03,P021,43,0
2025-01-04,P021,36,0
2025-01-05,P021,56,0
2025-01-06,P021,41,0
2025-01-07,P021,40,0
2025-01-08,P021,37,0
2025-01-09,P021,37,1
2025-01-10,P021,36,0
2025-01-11,P021,46,0
2025-01-12,P021,40,0
2025-01-13,P021,42,0
2025-01-14,P021,30,0
2025-01-15,P021,29,0
2025-01-16,P021,38,0
2025-01-17,P021,32,0
2025-01-18,P021,32,0
2025-01-19,P021,41,1
2025-01-20,P021,32,0
2025-01-21,P021,21,0
2025-01-22,P021,21,0
2025-01-23,P021,35,0
2025-01-24,P021,32,0
2025-01-25,P021,41,0
2025-01-26,P021,40,0
2025-01-27,P021,31,0
2025-01-28,P021,27,0
2025-01-29,P021,34,0
2025-01-30,P021,32,0
2025-01-31,P021,42,0
2025-02-01,P021,41,0
2025-02-02,P021,70,1
2025-02-03,P021,46,0
2025-02-04,P021,49,0
2025-02-05,P021,50,0
2025-02-06,P021,35,0
2025-02-07,P021,54,0
2025-02-08,P021,41,0
2025-02-09,P021,47,0
2025-02-10,P021,59,0
2025-02-11,P021,37,0
2025-02-12,P021,35,0
2025-02-13,P021,48,1
2025-02-14,P021,55,1
2025-02-15,P021,42,0
2025-02-16,P021,56,0
2025-02-17,P021,52,0
2025-02-18,P021,37,0
2025-02-19,P021,50,1
2025-02-20,P021,31,0
2025-02-21,P021,29,0
2025-02-22,P021,39,0
2025-02-23,P021,43,0
2025-02-24,P021,34,0
2025-02-25,P021,36,0
2025-02-26,P021,40,0
2025-02-27,P021,48,1
2025-02-28,P021,45,0
2025-03-01,P021,78,1
2025-03-02,P021,44,0
2025-03-03,P021,56,0
2025-03-04,P021,61,1
2025-03-05,P021,64,1
2025-03-06,P021,54,0
2025-03-07,P021,54,0
2025-03-08,P021,86,0
2025-03-09,P021,65,0
2025-03-10,P021,57,0
2025-03-11,P021,44,0
2025-03-12,P021,61,1
2025-03-13,P021,63,0
2025-03-14,P021,64,0
2025-03-15,P021,71,0
2025-03-16,P021,57,0
2025-03-17,P021,76,1
2025-03-18,P021,58,0
2025-03-19,P021,58,0
2025-03-20,P021,58,1
2025-03-21,P021,48,0
2025-03-22,P021,48,0
2025-03-23,P021,47,0
2025-03-24,P021,40,0
2025-03-25,P021,40,0
2025-03-26,P021,49,0
2025-03-27,P021,41,0
2025-03-28,P021,52,0
2025-03-29,P021,52,0
2025-03-30,P021,69,0
2025-03-31,P021,67,1
2025-04-01,P021,52,0
2025-04-02,P021,63,0
2025-04-03,P021,66,0
2025-04-04,P021,57,0
2025-04-05,P021,77,0
2025-04-06,P021,81,0
2025-04-07,P021,60,0
2025-04-08,P021,79,0
2025-04-09,P021,69,0
2025-04-10,P021,86,1
2025-04-11,P021,64,0
2025-04-12,P021,85,0
2025-04-13,P021,54,0
2025-04-14,P021,55,0
2025-04-15,P021,72,0
2025-04-16,P021,55,0
2025-04-17,P021,64,1
2025-04-18,P021,58,0
2025-04-19,P021,88,1
2025-04-20,P021,60,0
2025-04-21,P021,51,0
2025-04-22,P021,57,0
2025-04-23,P021,43,0
2025-04-24,P021,44,0
2025-04-25,P021,57,0
2025-04-26,P021,51,0
2025-04-27,P021,63,0
2025-04-28,P021,58,0
2025-04-29,P021,65,0
2025-04-30,P021,59,0
2025-05-01,P021,67,0
2025-05-02,P021,66,0
2025-05-03,P021,100,0
2025-05-04,P021,91,0
2025-05-05,P021,87,0
2025-05-06,P021,66,0
2025-05-07,P021,66,0
2025-05-08,P021,81,0
2025-05-09,P021,72,0
2025-05-10,P021,95,0
2025-05-11,P021,82,0
2025-05-12,P021,76,0
2025-05-13,P021,81,0
2025-05-14,P021,67,0
2025-05-15,P021,88,0
2025-05-16,P021,68,0
2025-05-17,P021,78,0
2025-05-18,P021,82,0
2025-05-19,P021,65,0
2025-05-20,P021,51,0
2025-05-21,P021,59,0
2025-05-22,P021,76,1
2025-05-23,P021,52,0
2025-05-24,P021,87,1
2025-05-25,P021,72,0
2025-05-26,P021,52,0
2025-05-27,P021,55,0
2025-05-28,P021,76,0
2025-05-29,P021,73,0
2025-05-30,P021,68,0
2025-05-31,P021,81,0
2025-06-01,P021,77,0
2025-06-02,P021,92,0
2025-06-03,P021,77,0
2025-06-04,P021,95,1
2025-06-05,P021,111,1
2025-06-06,P021,92,0
2025-06-07,P021,105,0
2025-06-08,P021,97,0
2025-06-09,P021,77,0
2025-06-10,P021,87,0
2025-06-11,P021,74,0
2025-06-12,P021,77,0
2025-06-13,P021,100,1
2025-06-14,P021,83,0
2025-06-15,P021,117,1
2025-06-16,P021,72,0
2025-06-17,P021,61,0
2025-06-18,P021,65,0
2025-06-19,P021,55,0
2025-06-20,P021,56,0
2025-06-21,P021,75,0
2025-06-22,P021,66,0
2025-06-23,P021,62,0
2025-06-24,P021,65,0
2025-06-25,P021,71,0
2025-06-26,P021,94,1
2025-06-27,P021,83,0
2025-06-28,P021,82,0
2025-06-29,P021,91,0
2025-01-01,P022,10,0
2025-01-02,P022,9,0
2025-01-03,P022,14,1
2025-01-04,P022,13,0
2025-01-05,P022,13,0
2025-01-06,P022,7,0
2025-01-07,P022,13,0
2025-01-08,P022,15,1
2025-01-09,P022,12,0
2025-01-10,P022,10,0
2025-01-11,P022,23,0
2025-01-12,P022,17,0
2025-01-13,P022,15,0
2025-01-14,P022,9,0
2025-01-15,P022,12,0
2025-01-16,P022,12,1
2025-01-17,P022,10,0
2025-01-18,P022,12,0
2025-01-19,P022,21,0
2025-01-20,P022,12,0
2025-01-21,P022,20,1
2025-01-22,P022,18,0
2025-01-23,P022,14,0
2025-01-24,P022,16,0
2025-01-25,P022,15,1
2025-01-26,P022,8,0
2025-01-27,P022,13,1
2025-01-28,P022,20,0
2025-01-29,P022,15,0
2025-01-30,P022,15,1
2025-01-31,P022,16,0
2025-02-01,P022,11,0
2025-02-02,P022,16,0
2025-02-03,P022,20,0
2025-02-04,P022,8,0
2025-02-05,P022,15,0
2025-02-06,P022,22,0
2025-02-07,P022,13,0
2025-02-08,P022,31,0
2025-02-09,P022,17,0
2025-02-10,P022,11,0
2025-02-11,P022,20,0
2025-02-12,P022,19,0
2025-02-13,P022,32,1
2025-02-14,P022,27,1
2025-02-15,P022,15,0
2025-02-16,P022,16,0
2025-02-17,P022,12,0
2025-02-18,P022,12,0
2025-02-19,P022,11,0
2025-02-20,P022,14,0
2025-02-21,P022,17,0
2025-02-22,P022,22,0
2025-02-23,P022,23,0
2025-02-24,P022,13,0
2025-02-25,P022,15,0
2025-02-26,P022,16,0
2025-02-27,P022,38,1
2025-02-28,P022,20,0
2025-03-01,P022,16,0
2025-03-02,P022,14,0
2025-03-03,P022,33,0
2025-03-04,P022,20,0
2025-03-05,P022,19,0
2025-03-06,P022,24,0
2025-03-07,P022,15,0
2025-03-08,P022,33,0
2025-03-09,P022,31,0
2025-03-10,P022,27,0
2025-03-11,P022,19,0
2025-03-12,P022,18,0
2025-03-13,P022,23,0
2025-03-14,P022,16,0
2025-03-15,P022,34,0
2025-03-16,P022,27,0
2025-03-17,P022,21,0
2025-03-18,P022,26,0
2025-03-19,P022,18,0
2025-03-20,P022,23,0
2025-03-21,P022,23,0
2025-03-22,P022,28,0
2025-03-23,P022,18,0
2025-03-24,P022,16,0
2025-03-25,P022,22,1
2025-03-26,P022,22,0
2025-03-27,P022,22,1
2025-03-28,P022,20,1
2025-03-29,P022,32,0
2025-03-30,P022,24,0
2025-03-31,P022,20,0
2025-04-01,P022,19,0
2025-04-02,P022,22,0
2025-04-03,P022,34,1
2025-04-04,P022,25,0
2025-04-05,P022,26,0
2025-04-06,P022,34,0
2025-04-07,P022,31,0
2025-04-08,P022,26,0
2025-04-09,P022,27,0
2025-04-10,P022,24,0
2025-04-11,P022,30,0
2025-04-12,P022,29,0
2025-04-13,P022,29,0
2025-04-14,P022,20,0
2025-04-15,P022,27,0
2025-04-16,P022,40,0
2025-04-17,P022,28,0
2025-04-18,P022,20,1
2025-04-19,P022,35,0
2025-04-20,P022,33,0
2025-04-21,P022,21,0
2025-04-22,P022,27,0
2025-04-23,P022,30,1
2025-04-24,P022,18,0
2025-04-25,P022,29,1
2025-04-26,P022,25,0
2025-04-27,P022,26,0
2025-04-28,P022,30,0
2025-04-29,P022,39,0
2025-04-30,P022,28,0
2025-05-01,P022,39,1
2025-05-02,P022,29,0
2025-05-03,P022,32,0
2025-05-04,P022,45,0
2025-05-05,P022,26,0
2025-05-06,P022,25,0
2025-05-07,P022,35,0
2025-05-08,P022,32,0
2025-05-09,P022,40,1
2025-05-10,P022,46,0
2025-05-11,P022,42,1
2025-05-12,P022,25,0
2025-05-13,P022,24,0
2025-05-14,P022,29,0
2025-05-15,P022,22,0
2025-05-16,P022,24,0
2025-05-17,P022,40,0
2025-05-18,P022,42,0
2025-05-19,P022,33,0
2025-05-20,P022,29,0
2025-05-21,P022,26,0
2025-05-22,P022,30,0
2025-05-23,P022,23,0
2025-05-24,P022,37,0
2025-05-25,P022,42,0
2025-05-26,P022,28,0
2025-05-27,P022,33,0
2025-05-28,P022,46,0
2025-05-29,P022,35,0
2025-05-30,P022,30,0
2025-05-31,P022,35,0
2025-06-01,P022,42,0
2025-06-02,P022,29,0
2025-06-03,P022,39,0
2025-06-04,P022,43,0
2025-06-05,P022,57,1
2025-06-06,P022,49,1
2025-06-07,P022,46,0
2025-06-08,P022,44,0
2025-06-09,P022,39,0
2025-06-10,P022,41,0
2025-06-11,P022,36,0
2025-06-12,P022,36,0
2025-06-13,P022,38,0
2025-06-14,P022,42,0
2025-06-15,P022,47,0
2025-06-16,P022,29,0
2025-06-17,P022,38,1
2025-06-18,P022,40,1
2025-06-19,P022,31,0
2025-06-20,P022,22,0
2025-06-21,P022,40,0
2025-06-22,P022,48,0
2025-06-23,P022,33,0
2025-06-24,P022,29,0
2025-06-25,P022,33,0
2025-06-26,P022,34,0
2025-06-27,P022,38,0
2025-06-28,P022,46,0
2025-06-29,P022,36,0
2025-01-01,P023,12,1
2025-01-02,P023,5,0
2025-01-03,P023,10,0
2025-01-04,P023,4,0
2025-01-05,P023,9,0
2025-01-06,P023,17,0
2025-01-07,P023,6,0
2025-01-08,P023,9,0
2025-01-09,P023,5,0
2025-01-10,P023,9,0
2025-01-11,P023,5,0
2025-01-12,P023,13,1
2025-01-13,P023,9,0
2025-01-14,P023,11,0
2025-01-15,P023,5,0
2025-01-16,P023,9,0
2025-01-17,P023,3,0
2025-01-18,P023,10,1
2025-01-19,P023,8,0
2025-01-20,P023,3,0
2025-01-21,P023,4,0
2025-01-22,P023,11,1
2025-01-23,P023,3,0
2025-01-24,P023,2,1
2025-01-25,P023,9,0
2025-01-26,P023,10,0
2025-01-27,P023,6,0
2025-01-28,P023,13,1
2025-01-29,P023,9,0
2025-01-30,P023,5,0
2025-01-31,P023,5,0
2025-02-01,P023,8,0
2025-02-02,P023,9,0
2025-02-03,P023,9,0
2025-02-04,P023,10,0
2025-02-05,P023,8,0
2025-02-06,P023,8,0
2025-02-07,P023,9,0
2025-02-08,P023,4,0
2025-02-09,P023,9,0
2025-02-10,P023,7,0
2025-02-11,P023,10,0
2025-02-12,P023,5,0
2025-02-13,P023,4,0
2025-02-14,P023,8,0
2025-02-15,P023,6,0
2025-02-16,P023,7,0
2025-02-17,P023,7,1
2025-02-18,P023,7,0
2025-02-19,P023,3,0
2025-02-20,P023,6,1
2025-02-21,P023,3,0
2025-02-22,P023,6,1
2025-02-23,P023,8,0
2025-02-24,P023,5,0
2025-02-25,P023,8,1
2025-02-26,P023,5,0
2025-02-27,P023,5,0
2025-02-28,P023,10,0
2025-03-01,P023,8,0
2025-03-02,P023,3,0
2025-03-03,P023,5,0
2025-03-04,P023,5,0
2025-03-05,P023,6,0
2025-03-06,P023,5,0
2025-03-07,P023,5,0
2025-03-08,P023,6,0
2025-03-09,P023,6,0
2025-03-10,P023,4,1
2025-03-11,P023,6,0
2025-03-12,P023,5,0
2025-03-13,P023,5,1
2025-03-14,P023,7,0
2025-03-15,P023,7,0
2025-03-16,P023,4,1
2025-03-17,P023,4,0
2025-03-18,P023,6,0
2025-03-19,P023,4,0
2025-03-20,P023,9,0
2025-03-21,P023,1,0
2025-03-22,P023,5,0
2025-03-23,P023,4,0
2025-03-24,P023,6,0
2025-03-25,P023,4,1
2025-03-26,P023,3,0
2025-03-27,P023,2,0
2025-03-28,P023,4,0
2025-03-29,P023,5,0
2025-03-30,P023,6,0
2025-03-31,P023,3,0
2025-04-01,P023,4,0
2025-04-02,P023,4,0
2025-04-03,P023,3,0
2025-04-04,P023,2,0
2025-04-05,P023,5,0
2025-04-06,P023,5,0
2025-04-07,P023,8,0
2025-04-08,P023,4,0
2025-04-09,P023,4,0
2025-04-10,P023,7,0
2025-04-11,P023,2,0
2025-04-12,P023,5,0
2025-04-13,P023,8,0
2025-04-14,P023,4,0
2025-04-15,P023,2,0
2025-04-16,P023,2,0
2025-04-17,P023,3,0
2025-04-18,P023,2,0
2025-04-19,P023,2,1
2025-04-20,P023,4,0
2025-04-21,P023,2,0
2025-04-22,P023,4,1
2025-04-23,P023,5,0
2025-04-24,P023,4,0
2025-04-25,P023,4,0
2025-04-26,P023,0,0
2025-04-27,P023,2,0
2025-04-28,P023,2,0
2025-04-29,P023,2,0
2025-04-30,P023,0,0
2025-05-01,P023,4,0
2025-05-02,P023,2,0
2025-05-03,P023,3,0
2025-05-04,P023,5,0
2025-05-05,P023,3,0
2025-05-06,P023,2,0
2025-05-07,P023,0,0
2025-05-08,P023,4,0
2025-05-09,P023,9,0
2025-05-10,P023,7,1
2025-05-11,P023,1,0
2025-05-12,P023,4,0
2025-05-13,P023,2,0
2025-05-14,P023,4,0
2025-05-15,P023,2,0
2025-05-16,P023,0,0
2025-05-17,P023,3,0
2025-05-18,P023,2,0
2025-05-19,P023,1,0
2025-05-20,P023,1,0
2025-05-21,P023,3,0
2025-05-22,P023,0,0
2025-05-23,P023,4,0
2025-05-24,P023,2,0
2025-05-25,P023,1,1
2025-05-26,P023,4,0
2025-05-27,P023,2,0
2025-05-28,P023,1,0
2025-05-29,P023,3,0
2025-05-30,P023,4,0
2025-05-31,P023,2,0
2025-06-01,P023,2,0
2025-06-02,P023,2,0
2025-06-03,P023,2,0
2025-06-04,P023,3,0
2025-06-05,P023,2,0
2025-06-06,P023,3,0
2025-06-07,P023,1,0
2025-06-08,P023,3,0
2025-06-09,P023,0,0
2025-06-10,P023,3,0
2025-06-11,P023,4,0
2025-06-12,P023,2,0
2025-06-13,P023,0,0
2025-06-14,P023,1,0
2025-06-15,P023,2,0
2025-06-16,P023,1,0
2025-06-17,P023,0,0
2025-06-18,P023,1,0
2025-06-19,P023,0,0
2025-06-20,P023,1,0
2025-06-21,P023,2,1
2025-06-22,P023,0,0
2025-06-23,P023,2,0
2025-06-24,P023,0,0
2025-06-25,P023,0,0
2025-06-26,P023,1,0
2025-06-27,P023,2,0
2025-06-28,P023,0,0
2025-06-29,P023,1,0
2025-01-01,P024,42,0
2025-01-02,P024,28,0
2025-01-03,P024,28,0
2025-01-04,P024,42,0
2025-01-05,P024,38,0
2025-01-06,P024,35,0
2025-01-07,P024,36,1
2025-01-08,P024,33,0
2025-01-09,P024,36,0
2025-01-10,P024,35,0
2025-01-11,P024,57,0
2025-01-12,P024,53,0
2025-01-13,P024,41,0
2025-01-14,P024,42,0
2025-01-15,P024,38,0
2025-01-16,P024,31,0
2025-01-17,P024,35,0
2025-01-18,P024,56,1
2025-01-19,P024,35,0
2025-01-20,P024,32,0
2025-01-21,P024,37,1
2025-01-22,P024,37,0
2025-01-23,P024,30,0
2025-01-24,P024,36,0
2025-01-25,P024,39,0
2025-01-26,P024,38,0
2025-01-27,P024,38,0
2025-01-28,P024,35,0
2025-01-29,P024,40,0
2025-01-30,P024,34,0
2025-01-31,P024,40,0
2025-02-01,P024,57,0
2025-02-02,P024,45,0
2025-02-03,P024,43,0
2025-02-04,P024,54,0
2025-02-05,P024,47,0
2025-02-06,P024,48,0
2025-02-07,P024,46,0
2025-02-08,P024,75,1
2025-02-09,P024,63,0
2025-02-10,P024,46,0
2025-02-11,P024,52,0
2025-02-12,P024,40,0
2025-02-13,P024,56,0
2025-02-14,P024,57,0
2025-02-15,P024,51,0
2025-02-16,P024,67,0
2025-02-17,P024,47,0
2025-02-18,P024,35,0
2025-02-19,P024,40,0
2025-02-20,P024,31,0
2025-02-21,P024,40,0
2025-02-22,P024,57,0
2025-02-23,P024,41,0
2025-02-24,P024,41,0
2025-02-25,P024,44,1
2025-02-26,P024,41,0
2025-02-27,P024,27,0
2025-02-28,P024,47,0
2025-03-01,P024,51,0
2025-03-02,P024,58,0
2025-03-03,P024,54,0
2025-03-04,P024,43,0
2025-03-05,P024,58,0
2025-03-06,P024,53,0
2025-03-07,P024,56,0
2025-03-08,P024,65,0
2025-03-09,P024,59,0
2025-03-10,P024,57,0
2025-03-11,P024,55,0
2025-03-12,P024,60,0
2025-03-13,P024,45,0
2025-03-14,P024,54,0
2025-03-15,P024,74,1
2025-03-16,P024,68,0
2025-03-17,P024,38,0
2025-03-18,P024,48,0
2025-03-19,P024,41,0
2025-03-20,P024,51,0
2025-03-21,P024,59,1
2025-03-22,P024,66,0
2025-03-23,P024,46,0
2025-03-24,P024,41,0
2025-03-25,P024,41,1
2025-03-26,P024,37,0
2025-03-27,P024,42,0
2025-03-28,P024,53,1
2025-03-29,P024,62,0
2025-03-30,P024,50,0
2025-03-31,P024,45,0
2025-04-01,P024,70,0
2025-04-02,P024,54,0
2025-04-03,P024,79,0
2025-04-04,P024,62,0
2025-04-05,P024,79,0
2025-04-06,P024,72,0
2025-04-07,P024,65,0
2025-04-08,P024,77,0
2025-04-09,P024,84,0
2025-04-10,P024,77,0
2025-04-11,P024,61,0
2025-04-12,P024,116,1
2025-04-13,P024,61,0
2025-04-14,P024,66,0
2025-04-15,P024,63,0
2025-04-16,P024,57,0
2025-04-17,P024,43,0
2025-04-18,P024,47,0
2025-04-19,P024,69,0
2025-04-20,P024,76,0
2025-04-21,P024,49,0
2025-04-22,P024,51,0
2025-04-23,P024,67,1
2025-04-24,P024,60,0
2025-04-25,P024,60,0
2025-04-26,P024,62,0
2025-04-27,P024,66,0
2025-04-28,P024,59,1
2025-04-29,P024,60,0
2025-04-30,P024,45,0
2025-05-01,P024,69,0
2025-05-02,P024,58,0
2025-05-03,P024,91,0
2025-05-04,P024,81,1
2025-05-05,P024,66,0
2025-05-06,P024,85,1
2025-05-07,P024,73,0
2025-05-08,P024,80,0
2025-05-09,P024,73,0
2025-05-10,P024,89,0
2025-05-11,P024,82,0
2025-05-12,P024,72,0
2025-05-13,P024,55,0
2025-05-14,P024,61,0
2025-05-15,P024,52,0
2025-05-16,P024,63,0
2025-05-17,P024,61,0
2025-05-18,P024,84,1
2025-05-19,P024,64,0
2025-05-20,P024,54,0
2025-05-21,P024,48,0
2025-05-22,P024,50,0
2025-05-23,P024,52,0
2025-05-24,P024,74,0
2025-05-25,P024,79,0
2025-05-26,P024,48,0
2025-05-27,P024,56,0
2025-05-28,P024,63,0
2025-05-29,P024,59,0
2025-05-30,P024,65,0
2025-05-31,P024,76,0
2025-06-01,P024,79,0
2025-06-02,P024,59,0
2025-06-03,P024,82,0
2025-06-04,P024,79,0
2025-06-05,P024,58,0
2025-06-06,P024,74,0
2025-06-07,P024,88,0
2025-06-08,P024,93,0
2025-06-09,P024,79,0
2025-06-10,P024,82,1
2025-06-11,P024,67,0
2025-06-12,P024,74,0
2025-06-13,P024,73,0
2025-06-14,P024,112,1
2025-06-15,P024,95,0
2025-06-16,P024,49,0
2025-06-17,P024,61,0
2025-06-18,P024,71,0
2025-06-19,P024,69,0
2025-06-20,P024,82,1
2025-06-21,P024,87,0
2025-06-22,P024,97,1
2025-06-23,P024,56,0
2025-06-24,P024,64,0
2025-06-25,P024,63,0
2025-06-26,P024,79,0
2025-06-27,P024,63,0
2025-06-28,P024,58,0
2025-06-29,P024,70,0
2025-01-01,P025,8,1
2025-01-02,P025,17,0
2025-01-03,P025,16,0
2025-01-04,P025,14,0
2025-01-05,P025,18,0
2025-01-06,P025,17,1
2025-01-07,P025,9,0
2025-01-08,P025,19,0
2025-01-09,P025,18,0
2025-01-10,P025,15,0
2025-01-11,P025,21,0
2025-01-12,P025,16,0
2025-01-13,P025,16,0
2025-01-14,P025,12,0
2025-01-15,P025,12,0
2025-01-16,P025,17,0
2025-01-17,P025,13,0
2025-01-18,P025,15,0
2025-01-19,P025,10,0
2025-01-20,P025,10,0
2025-01-21,P025,8,0
2025-01-22,P025,13,1
2025-01-23,P025,15,0
2025-01-24,P025,16,0
2025-01-25,P025,14,0
2025-01-26,P025,22,0
2025-01-27,P025,16,0
2025-01-28,P025,8,0
2025-01-29,P025,16,0
2025-01-30,P025,11,0
2025-01-31,P025,12,0
2025-02-01,P025,14,0
2025-02-02,P025,16,0
2025-02-03,P025,17,0
2025-02-04,P025,14,0
2025-02-05,P025,17,0
2025-02-06,P025,10,0
2025-02-07,P025,17,0
2025-02-08,P025,25,0
2025-02-09,P025,24,0
2025-02-10,P025,20,0
2025-02-11,P025,19,0
2025-02-12,P025,15,0
2025-02-13,P025,15,0
2025-02-14,P025,12,1
2025-02-15,P025,19,0
2025-02-16,P025,12,0
2025-02-17,P025,14,0
2025-02-18,P025,16,0
2025-02-19,P025,12,0
2025-02-20,P025,15,0
2025-02-21,P025,19,0
2025-02-22,P025,16,1
2025-02-23,P025,13,0
2025-02-24,P025,7,0
2025-02-25,P025,19,0
2025-02-26,P025,13,0
2025-02-27,P025,13,0
2025-02-28,P025,9,0
2025-03-01,P025,21,0
2025-03-02,P025,12,0
2025-03-03,P025,16,0
2025-03-04,P025,20,0
2025-03-05,P025,15,0
2025-03-06,P025,21,1
2025-03-07,P025,19,0
2025-03-08,P025,27,0
2025-03-09,P025,29,0
2025-03-10,P025,11,0
2025-03-11,P025,9,0
2025-03-12,P025,20,1
2025-03-13,P025,25,0
2025-03-14,P025,20,0
2025-03-15,P025,20,0
2025-03-16,P025,17,0
2025-03-17,P025,16,0
2025-03-18,P025,24,1
2025-03-19,P025,15,0
2025-03-20,P025,22,0
2025-03-21,P025,9,0
2025-03-22,P025,16,0
2025-03-23,P025,15,0
2025-03-24,P025,14,0
2025-03-25,P025,19,0
2025-03-26,P025,12,0
2025-03-27,P025,18,1
2025-03-28,P025,17,0
2025-03-29,P025,20,0
2025-03-30,P025,19,0
2025-03-31,P025,12,0
2025-04-01,P025,18,0
2025-04-02,P025,11,0
2025-04-03,P025,12,0
2025-04-04,P025,25,0
2025-04-05,P025,19,0
2025-04-06,P025,27,0
2025-04-07,P025,22,0
2025-04-08,P025,20,0
2025-04-09,P025,17,0
2025-04-10,P025,17,0
2025-04-11,P025,20,0
2025-04-12,P025,26,0
2025-04-13,P025,19,0
2025-04-14,P025,19,0
2025-04-15,P025,22,0
2025-04-16,P025,18,0
2025-04-17,P025,17,0
2025-04-18,P025,14,0
2025-04-19,P025,17,0
2025-04-20,P025,10,1
2025-04-21,P025,15,1
2025-04-22,P025,11,0
2025-04-23,P025,13,1
2025-04-24,P025,13,0
2025-04-25,P025,10,0
2025-04-26,P025,26,0
2025-04-27,P025,17,0
2025-04-28,P025,14,0
2025-04-29,P025,16,0
2025-04-30,P025,21,0
2025-05-01,P025,16,0
2025-05-02,P025,14,0
2025-05-03,P025,18,0
2025-05-04,P025,27,0
2025-05-05,P025,15,0
2025-05-06,P025,17,0
2025-05-07,P025,18,0
2025-05-08,P025,15,0
2025-05-09,P025,25,0
2025-05-10,P025,26,0
2025-05-11,P025,26,1
2025-05-12,P025,13,0
2025-05-13,P025,17,0
2025-05-14,P025,25,0
2025-05-15,P025,27,0
2025-05-16,P025,13,0
2025-05-17,P025,30,0
2025-05-18,P025,24,1
2025-05-19,P025,16,0
2025-05-20,P025,14,0
2025-05-21,P025,15,0
2025-05-22,P025,17,0
2025-05-23,P025,16,0
2025-05-24,P025,15,0
2025-05-25,P025,19,0
2025-05-26,P025,20,0
2025-05-27,P025,17,0
2025-05-28,P025,12,0
2025-05-29,P025,25,0
2025-05-30,P025,23,0
2025-05-31,P025,25,0
2025-06-01,P025,16,0
2025-06-02,P025,27,0
2025-06-03,P025,23,0
2025-06-04,P025,29,1
2025-06-05,P025,31,0
2025-06-06,P025,20,0
2025-06-07,P025,28,1
2025-06-08,P025,34,0
2025-06-09,P025,28,1
2025-06-10,P025,17,0
2025-06-11,P025,18,0
2025-06-12,P025,20,0
2025-06-13,P025,20,0
2025-06-14,P025,17,0
2025-06-15,P025,24,1
2025-06-16,P025,14,0
2025-06-17,P025,13,0
2025-06-18,P025,20,1
2025-06-19,P025,15,0
2025-06-20,P025,13,0
2025-06-21,P025,17,0
2025-06-22,P025,24,0
2025-06-23,P025,17,0
2025-06-24,P025,23,0
2025-06-25,P025,23,0
2025-06-26,P025,22,1
2025-06-27,P025,19,0
2025-06-28,P025,17,0
2025-06-29,P025,21,0
2025-01-01,P026,22,0
2025-01-02,P026,21,0
2025-01-03,P026,10,0
2025-01-04,P026,23,0
2025-01-05,P026,22,0
2025-01-06,P026,15,0
2025-01-07,P026,25,0
2025-01-08,P026,23,0
2025-01-09,P026,20,0
2025-01-10,P026,30,0
2025-01-11,P026,23,0
2025-01-12,P026,27,1
2025-01-13,P026,33,1
2025-01-14,P026,30,1
2025-01-15,P026,29,1
2025-01-16,P026,26,0
2025-01-17,P026,21,0
2025-01-18,P026,22,0
2025-01-19,P026,18,0
2025-01-20,P026,22,0
2025-01-21,P026,26,0
2025-01-22,P026,29,0
2025-01-23,P026,12,0
2025-01-24,P026,24,0
2025-01-25,P026,33,0
2025-01-26,P026,33,0
2025-01-27,P026,35,0
2025-01-28,P026,21,0
2025-01-29,P026,38,0
2025-01-30,P026,27,0
2025-01-31,P026,32,0
2025-02-01,P026,42,0
2025-02-02,P026,38,0
2025-02-03,P026,36,0
2025-02-04,P026,39,0
2025-02-05,P026,35,0
2025-02-06,P026,49,1
2025-02-07,P026,36,0
2025-02-08,P026,53,0
2025-02-09,P026,48,0
2025-02-10,P026,38,0
2025-02-11,P026,37,1
2025-02-12,P026,30,0
2025-02-13,P026,40,0
2025-02-14,P026,52,1
2025-02-15,P026,50,1
2025-02-16,P026,44,0
2025-02-17,P026,42,0
2025-02-18,P026,35,0
2025-02-19,P026,37,0
2025-02-20,P026,46,0
2025-02-21,P026,35,0
2025-02-22,P026,31,0
2025-02-23,P026,44,0
2025-02-24,P026,37,0
2025-02-25,P026,31,0
2025-02-26,P026,40,0
2025-02-27,P026,39,0
2025-02-28,P026,43,0
2025-03-01,P026,53,0
2025-03-02,P026,65,1
2025-03-03,P026,41,0
2025-03-04,P026,43,0
2025-03-05,P026,44,0
2025-03-06,P026,49,0
2025-03-07,P026,56,0
2025-03-08,P026,65,0
2025-03-09,P026,60,0
2025-03-10,P026,51,0
2025-03-11,P026,55,0
2025-03-12,P026,46,0
2025-03-13,P026,59,0
2025-03-14,P026,55,0
2025-03-15,P026,56,0
2025-03-16,P026,64,0
2025-03-17,P026,49,0
2025-03-18,P026,42,0
2025-03-19,P026,48,0
2025-03-20,P026,32,0
2025-03-21,P026,49,0
2025-03-22,P026,70,1
2025-03-23,P026,47,0
2025-03-24,P026,48,0
2025-03-25,P026,41,1
2025-03-26,P026,50,0
2025-03-27,P026,55,0
2025-03-28,P026,44,0
2025-03-29,P026,70,0
2025-03-30,P026,57,0
2025-03-31,P026,63,0
2025-04-01,P026,51,0
2025-04-02,P026,69,0
2025-04-03,P026,58,0
2025-04-04,P026,71,0
2025-04-05,P026,83,0
2025-04-06,P026,96,1
2025-04-07,P026,62,0
2025-04-08,P026,69,0
2025-04-09,P026,79,0
2025-04-10,P026,75,0
2025-04-11,P026,82,0
2025-04-12,P026,71,0
2025-04-13,P026,83,0
2025-04-14,P026,66,0
2025-04-15,P026,68,0
2025-04-16,P026,64,0
2025-04-17,P026,78,0
2025-04-18,P026,63,0
2025-04-19,P026,77,0
2025-04-20,P026,73,0
2025-04-21,P026,53,0
2025-04-22,P026,57,0
2025-04-23,P026,69,0
2025-04-24,P026,53,0
2025-04-25,P026,65,1
2025-04-26,P026,73,0
2025-04-27,P026,79,0
2025-04-28,P026,69,0
2025-04-29,P026,84,0
2025-04-30,P026,60,0
2025-05-01,P026,75,0
2025-05-02,P026,80,0
2025-05-03,P026,115,1
2025-05-04,P026,86,0
2025-05-05,P026,71,0
2025-05-06,P026,82,0
2025-05-07,P026,83,0
2025-05-08,P026,79,0
2025-05-09,P026,106,0
2025-05-10,P026,69,0
2025-05-11,P026,129,1
2025-05-12,P026,80,0
2025-05-13,P026,81,0
2025-05-14,P026,74,0
2025-05-15,P026,83,0
2025-05-16,P026,65,0
2025-05-17,P026,92,0
2025-05-18,P026,81,0
2025-05-19,P026,68,0
2025-05-20,P026,83,0
2025-05-21,P026,61,0
2025-05-22,P026,72,0
2025-05-23,P026,75,0
2025-05-24,P026,71,0
2025-05-25,P026,85,0
2025-05-26,P026,69,0
2025-05-27,P026,95,0
2025-05-28,P026,78,0
2025-05-29,P026,85,0
2025-05-30,P026,98,0
2025-05-31,P026,104,0
2025-06-01,P026,116,0
2025-06-02,P026,98,0
2025-06-03,P026,101,0
2025-06-04,P026,120,1
2025-06-05,P026,98,0
2025-06-06,P026,101,0
2025-06-07,P026,158,1
2025-06-08,P026,134,0
2025-06-09,P026,122,0
2025-06-10,P026,97,0
2025-06-11,P026,119,0
2025-06-12,P026,94,0
2025-06-13,P026,129,1
2025-06-14,P026,104,0
2025-06-15,P026,94,0
2025-06-16,P026,85,0
2025-06-17,P026,70,0
2025-06-18,P026,87,0
2025-06-19,P026,82,0
2025-06-20,P026,89,0
2025-06-21,P026,107,0
2025-06-22,P026,93,0
2025-06-23,P026,84,0
2025-06-24,P026,76,0
2025-06-25,P026,103,0
2025-06-26,P026,110,1
2025-06-27,P026,101,0
2025-06-28,P026,143,1
2025-06-29,P026,115,0
2025-01-01,P027,9,0
2025-01-02,P027,11,0
2025-01-03,P027,15,0
2025-01-04,P027,9,0
2025-01-05,P027,16,0
2025-01-06,P027,18,1
2025-01-07,P027,16,1
2025-01-08,P027,14,0
2025-01-09,P027,16,1
2025-01-10,P027,11,0
2025-01-11,P027,18,1
2025-01-12,P027,18,0
2025-01-13,P027,8,0
2025-01-14,P027,10,0
2025-01-15,P027,13,0
2025-01-16,P027,4,0
2025-01-17,P027,7,0
2025-01-18,P027,11,0
2025-01-19,P027,10,0
2025-01-20,P027,8,0
2025-01-21,P027,3,0
2025-01-22,P027,4,0
2025-01-23,P027,11,0
2025-01-24,P027,5,0
2025-01-25,P027,6,0
2025-01-26,P027,12,0
2025-01-27,P027,8,0
2025-01-28,P027,8,0
2025-01-29,P027,15,1
2025-01-30,P027,5,0
2025-01-31,P027,10,1
2025-02-01,P027,8,0
2025-02-02,P027,11,0
2025-02-03,P027,8,0
2025-02-04,P027,3,0
2025-02-05,P027,9,0
2025-02-06,P027,3,0
2025-02-07,P027,12,0
2025-02-08,P027,12,0
2025-02-09,P027,8,0
2025-02-10,P027,10,0
2025-02-11,P027,4,0
2025-02-12,P027,5,1
2025-02-13,P027,7,1
2025-02-14,P027,7,0
2025-02-15,P027,7,0
2025-02-16,P027,7,0
2025-02-17,P027,6,0
2025-02-18,P027,10,1
2025-02-19,P027,10,0
2025-02-20,P027,8,0
2025-02-21,P027,4,0
2025-02-22,P027,10,0
2025-02-23,P027,7,1
2025-02-24,P027,3,0
2025-02-25,P027,8,0
2025-02-26,P027,7,1
2025-02-27,P027,3,0
2025-02-28,P027,3,0
2025-03-01,P027,3,0
2025-03-02,P027,8,0
2025-03-03,P027,5,1
2025-03-04,P027,4,0
2025-03-05,P027,5,0
2025-03-06,P027,5,0
2025-03-07,P027,7,0
2025-03-08,P027,8,0
2025-03-09,P027,7,0
2025-03-10,P027,3,0
2025-03-11,P027,6,0
2025-03-12,P027,2,0
2025-03-13,P027,4,0
2025-03-14,P027,3,0
2025-03-15,P027,7,0
2025-03-16,P027,4,0
2025-03-17,P027,5,0
2025-03-18,P027,3,0
2025-03-19,P027,1,0
2025-03-20,P027,2,0
2025-03-21,P027,3,0
2025-03-22,P027,0,0
2025-03-23,P027,4,0
2025-03-24,P027,0,1
2025-03-25,P027,4,0
2025-03-26,P027,3,0
2025-03-27,P027,2,0
2025-03-28,P027,5,1
2025-03-29,P027,1,0
2025-03-30,P027,3,0
2025-03-31,P027,0,0
2025-04-01,P027,1,0
2025-04-02,P027,0,0
2025-04-03,P027,3,0
2025-04-04,P027,2,0
2025-04-05,P027,2,0
2025-04-06,P027,2,0
2025-04-07,P027,0,0
2025-04-08,P027,3,0
2025-04-09,P027,1,0
2025-04-10,P027,0,1
2025-04-11,P027,2,0
2025-04-12,P027,1,0
2025-04-13,P027,2,1
2025-04-14,P027,2,1
2025-04-15,P027,1,0
2025-04-16,P027,2,1
2025-04-17,P027,3,0
2025-04-18,P027,0,0
2025-04-19,P027,1,0
2025-04-20,P027,2,0
2025-04-21,P027,0,1
2025-04-22,P027,1,0
2025-04-23,P027,1,0
2025-04-24,P027,3,0
2025-04-25,P027,0,0
2025-04-26,P027,2,0
2025-04-27,P027,0,0
2025-04-28,P027,1,0
2025-04-29,P027,2,0
2025-04-30,P027,1,0
2025-05-01,P027,2,1
2025-05-02,P027,5,0
2025-05-03,P027,3,0
2025-05-04,P027,1,0
2025-05-05,P027,3,0
2025-05-06,P027,1,0
2025-05-07,P027,3,0
2025-05-08,P027,0,0
2025-05-09,P027,2,0
2025-05-10,P027,3,0
2025-05-11,P027,0,0
2025-05-12,P027,2,1
2025-05-13,P027,1,0
2025-05-14,P027,2,0
2025-05-15,P027,0,0
2025-05-16,P027,1,0
2025-05-17,P027,2,0
2025-05-18,P027,3,0
2025-05-19,P027,0,0
2025-05-20,P027,2,0
2025-05-21,P027,1,0
2025-05-22,P027,0,0
2025-05-23,P027,1,1
2025-05-24,P027,1,0
2025-05-25,P027,0,0
2025-05-26,P027,2,0
2025-05-27,P027,1,0
2025-05-28,P027,0,1
2025-05-29,P027,0,0
2025-05-30,P027,1,0
2025-05-31,P027,1,0
2025-06-01,P027,2,0
2025-06-02,P027,1,0
2025-06-03,P027,0,1
2025-06-04,P027,1,0
2025-06-05,P027,2,0
2025-06-06,P027,0,0
2025-06-07,P027,1,0
2025-06-08,P027,1,0
2025-06-09,P027,2,0
2025-06-10,P027,1,0
2025-06-11,P027,1,1
2025-06-12,P027,1,0
2025-06-13,P027,2,0
2025-06-14,P027,3,0
2025-06-15,P027,2,1
2025-06-16,P027,0,1
2025-06-17,P027,0,1
2025-06-18,P027,0,0
2025-06-19,P027,0,0
2025-06-20,P027,1,0
2025-06-21,P027,1,0
2025-06-22,P027,2,1
2025-06-23,P027,0,0
2025-06-24,P027,1,0
2025-06-25,P027,2,0
2025-06-26,P027,1,0
2025-06-27,P027,3,0
2025-06-28,P027,1,0
2025-06-29,P027,0,0
2025-01-01,P028,17,0
2025-01-02,P028,26,0
2025-01-03,P028,23,0
2025-01-04,P028,37,0
2025-01-05,P028,34,0
2025-01-06,P028,33,0
2025-01-07,P028,33,0
2025-01-08,P028,27,0
2025-01-09,P028,35,0
2025-01-10,P028,41,0
2025-01-11,P028,38,0
2025-01-12,P028,46,0
2025-01-13,P028,49,1
2025-01-14,P028,34,0
2025-01-15,P028,27,0
2025-01-16,P028,31,0
2025-01-17,P028,22,0
2025-01-18,P028,44,0
2025-01-19,P028,44,0
2025-01-20,P028,30,0
2025-01-21,P028,35,0
2025-01-22,P028,48,0
2025-01-23,P028,38,0
2025-01-24,P028,35,0
2025-01-25,P028,38,0
2025-01-26,P028,47,1
2025-01-27,P028,37,0
2025-01-28,P028,39,0
2025-01-29,P028,34,0
2025-01-30,P028,45,0
2025-01-31,P028,63,0
2025-02-01,P028,70,1
2025-02-02,P028,65,0
2025-02-03,P028,44,0
2025-02-04,P028,63,0
2025-02-05,P028,45,0
2025-02-06,P028,62,0
2025-02-07,P028,50,0
2025-02-08,P028,65,0
2025-02-09,P028,66,0
2025-02-10,P028,49,1
2025-02-11,P028,62,0
2025-02-12,P028,57,0
2025-02-13,P028,54,0
2025-02-14,P028,45,0
2025-02-15,P028,82,1
2025-02-16,P028,70,0
2025-02-17,P028,52,0
2025-02-18,P028,49,0
2025-02-19,P028,55,0
2025-02-20,P028,53,1
2025-02-21,P028,55,1
2025-02-22,P028,48,0
2025-02-23,P028,50,0
2025-02-24,P028,33,0
2025-02-25,P028,48,0
2025-02-26,P028,51,0
2025-02-27,P028,54,0
2025-02-28,P028,60,0
2025-03-01,P028,100,1
2025-03-02,P028,73,0
2025-03-03,P028,96,1
2025-03-04,P028,62,0
2025-03-05,P028,62,0
2025-03-06,P028,83,0
2025-03-07,P028,76,0
2025-03-08,P028,91,0
2025-03-09,P028,133,1
2025-03-10,P028,72,0
2025-03-11,P028,83,0
2025-03-12,P028,82,1
2025-03-13,P028,78,0
2025-03-14,P028,101,1
2025-03-15,P028,86,0
2025-03-16,P028,88,0
2025-03-17,P028,67,0
2025-03-18,P028,66,0
2025-03-19,P028,62,0
2025-03-20,P028,62,0
2025-03-21,P028,70,0
2025-03-22,P028,81,0
2025-03-23,P028,85,0
2025-03-24,P028,50,0
2025-03-25,P028,61,0
2025-03-26,P028,82,0
2025-03-27,P028,78,0
2025-03-28,P028,67,0
2025-03-29,P028,90,0
2025-03-30,P028,95,0
2025-03-31,P028,82,0
2025-04-01,P028,81,0
2025-04-02,P028,68,0
2025-04-03,P028,81,0
2025-04-04,P028,95,0
2025-04-05,P028,122,0
2025-04-06,P028,126,0
2025-04-07,P028,103,0
2025-04-08,P028,93,0
2025-04-09,P028,89,0
2025-04-10,P028,90,0
2025-04-11,P028,102,0
2025-04-12,P028,120,0
2025-04-13,P028,153,1
2025-04-14,P028,125,1
2025-04-15,P028,95,0
2025-04-16,P028,100,0
2025-04-17,P028,92,0
2025-04-18,P028,84,0
2025-04-19,P028,116,0
2025-04-20,P028,115,1
2025-04-21,P028,82,0
2025-04-22,P028,105,1
2025-04-23,P028,59,0
2025-04-24,P028,96,0
2025-04-25,P028,88,0
2025-04-26,P028,88,0
2025-04-27,P028,104,0
2025-04-28,P028,100,0
2025-04-29,P028,90,0
2025-04-30,P028,97,0
2025-05-01,P028,110,0
2025-05-02,P028,129,0
2025-05-03,P028,145,1
2025-05-04,P028,140,0
2025-05-05,P028,102,0
2025-05-06,P028,129,0
2025-05-07,P028,125,0
2025-05-08,P028,134,1
2025-05-09,P028,139,1
2025-05-10,P028,156,1
2025-05-11,P028,134,0
2025-05-12,P028,110,0
2025-05-13,P028,120,0
2025-05-14,P028,135,0
2025-05-15,P028,112,0
2025-05-16,P028,105,0
2025-05-17,P028,125,0
2025-05-18,P028,117,0
2025-05-19,P028,102,0
2025-05-20,P028,104,0
2025-05-21,P028,120,1
2025-05-22,P028,126,1
2025-05-23,P028,109,1
2025-05-24,P028,150,1
2025-05-25,P028,116,0
2025-05-26,P028,75,0
2025-05-27,P028,107,0
2025-05-28,P028,104,0
2025-05-29,P028,110,0
2025-05-30,P028,101,0
2025-05-31,P028,143,0
2025-06-01,P028,140,0
2025-06-02,P028,154,0
2025-06-03,P028,134,0
2025-06-04,P028,119,0
2025-06-05,P028,116,0
2025-06-06,P028,122,0
2025-06-07,P028,190,0
2025-06-08,P028,174,0
2025-06-09,P028,148,0
2025-06-10,P028,136,0
2025-06-11,P028,138,0
2025-06-12,P028,121,0
2025-06-13,P028,145,0
2025-06-14,P028,155,0
2025-06-15,P028,145,0
2025-06-16,P028,141,1
2025-06-17,P028,134,0
2025-06-18,P028,138,0
2025-06-19,P028,110,0
2025-06-20,P028,125,0
2025-06-21,P028,128,0
2025-06-22,P028,139,0
2025-06-23,P028,134,0
2025-06-24,P028,131,0
2025-06-25,P028,132,0
2025-06-26,P028,107,0
2025-06-27,P028,122,0
2025-06-28,P028,168,0
2025-06-29,P028,174,0
2025-01-01,P029,36,1
2025-01-02,P029,28,0
2025-01-03,P029,38,0
2025-01-04,P029,44,0
2025-01-05,P029,32,0
2025-01-06,P029,29,0
2025-01-07,P029,23,0
2025-01-08,P029,32,0
2025-01-09,P029,56,1
2025-01-10,P029,38,0
2025-01-11,P029,37,0
2025-01-12,P029,51,0
2025-01-13,P029,34,0
2025-01-14,P029,36,0
2025-01-15,P029,32,0
2025-01-16,P029,32,0
2025-01-17,P029,35,0
2025-01-18,P029,39,0
2025-01-19,P029,30,0
2025-01-20,P029,26,0
2025-01-21,P029,56,1
2025-01-22,P029,29,0
2025-01-23,P029,30,0
2025-01-24,P029,27,0
2025-01-25,P029,35,0
2025-01-26,P029,44,1
2025-01-27,P029,47,0
2025-01-28,P029,37,0
2025-01-29,P029,53,1
2025-01-30,P029,42,0
2025-01-31,P029,41,0
2025-02-01,P029,50,0
2025-02-02,P029,51,1
2025-02-03,P029,41,0
2025-02-04,P029,42,0
2025-02-05,P029,38,0
2025-02-06,P029,45,0
2025-02-07,P029,52,0
2025-02-08,P029,54,0
2025-02-09,P029,90,1
2025-02-10,P029,54,0
2025-02-11,P029,41,0
2025-02-12,P029,50,0
2025-02-13,P029,54,0
2025-02-14,P029,43,0
2025-02-15,P029,66,0
2025-02-16,P029,46,0
2025-02-17,P029,47,0
2025-02-18,P029,39,0
2025-02-19,P029,32,0
2025-02-20,P029,39,0
2025-02-21,P029,49,0
2025-02-22,P029,59,0
2025-02-23,P029,58,1
2025-02-24,P029,52,0
2025-02-25,P029,41,0
2025-02-26,P029,38,0
2025-02-27,P029,47,0
2025-02-28,P029,48,0
2025-03-01,P029,86,0
2025-03-02,P029,58,0
2025-03-03,P029,57,0
2025-03-04,P029,53,0
2025-03-05,P029,59,0
2025-03-06,P029,67,1
2025-03-07,P029,62,0
2025-03-08,P029,79,0
2025-03-09,P029,74,0
2025-03-10,P029,77,0
2025-03-11,P029,77,0
2025-03-12,P029,68,0
2025-03-13,P029,67,0
2025-03-14,P029,87,1
2025-03-15,P029,79,0
2025-03-16,P029,88,0
2025-03-17,P029,56,1
2025-03-18,P029,58,0
2025-03-19,P029,54,0
2025-03-20,P029,60,0
2025-03-21,P029,53,0
2025-03-22,P029,77,0
2025-03-23,P029,72,0
2025-03-24,P029,58,0
2025-03-25,P029,54,0
2025-03-26,P029,55,0
2025-03-27,P029,65,0
2025-03-28,P029,65,0
2025-03-29,P029,86,0
2025-03-30,P029,86,0
2025-03-31,P029,67,0
2025-04-01,P029,71,0
2025-04-02,P029,64,0
2025-04-03,P029,77,0
2025-04-04,P029,97,1
2025-04-05,P029,101,1
2025-04-06,P029,100,0
2025-04-07,P029,77,0
2025-04-08,P029,84,0
2025-04-09,P029,80,0
2025-04-10,P029,72,0
2025-04-11,P029,89,0
2025-04-12,P029,88,0
2025-04-13,P029,107,0
2025-04-14,P029,69,0
2025-04-15,P029,67,0
2025-04-16,P029,66,0
2025-04-17,P029,85,0
2025-04-18,P029,73,0
2025-04-19,P029,84,0
2025-04-20,P029,90,0
2025-04-21,P029,80,0
2025-04-22,P029,74,0
2025-04-23,P029,60,0
2025-04-24,P029,69,0
2025-04-25,P029,89,0
2025-04-26,P029,95,0
2025-04-27,P029,83,0
2025-04-28,P029,63,0
2025-04-29,P029,66,0
2025-04-30,P029,80,0
2025-05-01,P029,102,1
2025-05-02,P029,95,0
2025-05-03,P029,112,0
2025-05-04,P029,143,1
2025-05-05,P029,80,0
2025-05-06,P029,80,0
2025-05-07,P029,114,0
2025-05-08,P029,86,0
2025-05-09,P029,104,0
2025-05-10,P029,110,0
2025-05-11,P029,125,0
2025-05-12,P029,114,0
2025-05-13,P029,112,0
2025-05-14,P029,85,0
2025-05-15,P029,98,0
2025-05-16,P029,86,0
2025-05-17,P029,100,0
2025-05-18,P029,105,0
2025-05-19,P029,106,0
2025-05-20,P029,74,0
2025-05-21,P029,87,0
2025-05-22,P029,98,0
2025-05-23,P029,86,0
2025-05-24,P029,106,0
2025-05-25,P029,100,0
2025-05-26,P029,77,0
2025-05-27,P029,64,0
2025-05-28,P029,81,0
2025-05-29,P029,97,1
2025-05-30,P029,94,0
2025-05-31,P029,100,0
2025-06-01,P029,105,0
2025-06-02,P029,90,0
2025-06-03,P029,109,0
2025-06-04,P029,93,0
2025-06-05,P029,114,0
2025-06-06,P029,117,0
2025-06-07,P029,133,0
2025-06-08,P029,146,0
2025-06-09,P029,122,0
2025-06-10,P029,134,1
2025-06-11,P029,111,0
2025-06-12,P029,110,0
2025-06-13,P029,109,0
2025-06-14,P029,125,0
2025-06-15,P029,120,0
2025-06-16,P029,96,0
2025-06-17,P029,93,0
2025-06-18,P029,97,0
2025-06-19,P029,92,0
2025-06-20,P029,92,0
2025-06-21,P029,101,0
2025-06-22,P029,112,0
2025-06-23,P029,79,0
2025-06-24,P029,108,0
2025-06-25,P029,105,0
2025-06-26,P029,99,1
2025-06-27,P029,101,0
2025-06-28,P029,107,0
2025-06-29,P029,127,0
2025-01-01,P030,7,0
2025-01-02,P030,13,0
2025-01-03,P030,9,0
2025-01-04,P030,17,0
2025-01-05,P030,19,0
2025-01-06,P030,11,0
2025-01-07,P030,12,0
2025-01-08,P030,15,0
2025-01-09,P030,14,0
2025-01-10,P030,10,0
2025-01-11,P030,16,0
2025-01-12,P030,25,0
2025-01-13,P030,24,0
2025-01-14,P030,16,0
2025-01-15,P030,15,0
2025-01-16,P030,12,0
2025-01-17,P030,15,0
2025-01-18,P030,14,0
2025-01-19,P030,13,0
2025-01-20,P030,18,0
2025-01-21,P030,17,0
2025-01-22,P030,13,0
2025-01-23,P030,20,0
2025-01-24,P030,24,0
2025-01-25,P030,23,1
2025-01-26,P030,19,0
2025-01-27,P030,17,1
2025-01-28,P030,23,1
2025-01-29,P030,17,0
2025-01-30,P030,17,0
2025-01-31,P030,29,1
2025-02-01,P030,27,0
2025-02-02,P030,19,0
2025-02-03,P030,19,0
2025-02-04,P030,19,0
2025-02-05,P030,12,0
2025-02-06,P030,25,0
2025-02-07,P030,21,0
2025-02-08,P030,22,0
2025-02-09,P030,37,0
2025-02-10,P030,21,0
2025-02-11,P030,25,0
2025-02-12,P030,22,0
2025-02-13,P030,16,0
2025-02-14,P030,14,0
2025-02-15,P030,22,0
2025-02-16,P030,34,1
2025-02-17,P030,25,0
2025-02-18,P030,14,0
2025-02-19,P030,14,0
2025-02-20,P030,25,1
2025-02-21,P030,31,1
2025-02-22,P030,21,0
2025-02-23,P030,28,0
2025-02-24,P030,19,0
2025-02-25,P030,23,0
2025-02-26,P030,16,0
2025-02-27,P030,24,0
2025-02-28,P030,29,0
2025-03-01,P030,38,0
2025-03-02,P030,25,0
2025-03-03,P030,18,0
2025-03-04,P030,22,0
2025-03-05,P030,35,0
2025-03-06,P030,29,0
2025-03-07,P030,31,0
2025-03-08,P030,37,0
2025-03-09,P030,28,0
2025-03-10,P030,27,0
2025-03-11,P030,33,0
2025-03-12,P030,45,1
2025-03-13,P030,22,0
2025-03-14,P030,22,0
2025-03-15,P030,32,0
2025-03-16,P030,40,1
2025-03-17,P030,33,0
2025-03-18,P030,30,1
2025-03-19,P030,37,0
2025-03-20,P030,24,0
2025-03-21,P030,19,0
2025-03-22,P030,26,0
2025-03-23,P030,23,0
2025-03-24,P030,10,0
2025-03-25,P030,28,1
2025-03-26,P030,22,0
2025-03-27,P030,24,0
2025-03-28,P030,19,0
2025-03-29,P030,25,0
2025-03-30,P030,33,0
2025-03-31,P030,31,0
2025-04-01,P030,24,0
2025-04-02,P030,24,0
2025-04-03,P030,29,0
2025-04-04,P030,24,0
2025-04-05,P030,45,0
2025-04-06,P030,29,0
2025-04-07,P030,33,0
2025-04-08,P030,39,0
2025-04-09,P030,34,0
2025-04-10,P030,32,1
2025-04-11,P030,37,1
2025-04-12,P030,39,0
2025-04-13,P030,36,0
2025-04-14,P030,34,0
2025-04-15,P030,31,0
2025-04-16,P030,30,0
2025-04-17,P030,25,0
2025-04-18,P030,30,1
2025-04-19,P030,37,0
2025-04-20,P030,30,0
2025-04-21,P030,32,0
2025-04-22,P030,26,0
2025-04-23,P030,29,0
2025-04-24,P030,37,0
2025-04-25,P030,24,0
2025-04-26,P030,24,0
2025-04-27,P030,41,0
2025-04-28,P030,26,0
2025-04-29,P030,41,1
2025-04-30,P030,29,0
2025-05-01,P030,38,0
2025-05-02,P030,43,0
2025-05-03,P030,41,0
2025-05-04,P030,49,0
2025-05-05,P030,45,0
2025-05-06,P030,45,0
2025-05-07,P030,46,0
2025-05-08,P030,39,0
2025-05-09,P030,41,1
2025-05-10,P030,62,0
2025-05-11,P030,54,0
2025-05-12,P030,30,0
2025-05-13,P030,59,1
2025-05-14,P030,44,0
2025-05-15,P030,44,1
2025-05-16,P030,39,1
2025-05-17,P030,41,0
2025-05-18,P030,42,0
2025-05-19,P030,41,0
2025-05-20,P030,27,0
2025-05-21,P030,34,0
2025-05-22,P030,30,0
2025-05-23,P030,26,0
2025-05-24,P030,30,0
2025-05-25,P030,39,0
2025-05-26,P030,28,0
2025-05-27,P030,41,1
2025-05-28,P030,41,0
2025-05-29,P030,33,0
2025-05-30,P030,39,1
2025-05-31,P030,38,0
2025-06-01,P030,52,0
2025-06-02,P030,55,0
2025-06-03,P030,22,0
2025-06-04,P030,59,1
2025-06-05,P030,46,0
2025-06-06,P030,56,0
2025-06-07,P030,54,0
2025-06-08,P030,59,0
2025-06-09,P030,42,1
2025-06-10,P030,48,0
2025-06-11,P030,61,1
2025-06-12,P030,36,0
2025-06-13,P030,49,0
2025-06-14,P030,44,0
2025-06-15,P030,56,0
2025-06-16,P030,46,0
2025-06-17,P030,36,0
2025-06-18,P030,23,0
2025-06-19,P030,33,0
2025-06-20,P030,41,0
2025-06-21,P030,46,0
2025-06-22,P030,46,0
2025-06-23,P030,28,0
2025-06-24,P030,29,0
2025-06-25,P030,33,0
2025-06-26,P030,50,0
2025-06-27,P030,47,0
2025-06-28,P030,52,0
2025-06-29,P030,45,0
